ID,Screen,Country / company,Claim,Source (APA),Link,Retrieved,Verified by,Notes,Quote
SG-1,need to know,Singapore,"Every traveller must submit the electronic SG Arrival Card with Electronic Health Declaration within three days before arriving in Singapore, and it is free.",Immigration & Checkpoints Authority. (n.d.). SG Arrival Card (SGAC) with Electronic Health Declaration. Immigration & Checkpoints Authority.,https://www.ica.gov.sg/enter-transit-depart/entering-singapore/sg-arrival-card,2026-09-13,,,within three (3) days (including the day of arrival) before arrival in Singapore
SG-2,need to know,Singapore,"US citizens do not need a visa for business or social visits to Singapore of 90 days or less, and passports should have six months of validity remaining.",International Trade Administration. (n.d.). Singapore - Business travel. U.S. Department of Commerce.,https://www.trade.gov/country-commercial-guides/singapore-business-travel,2026-09-13,,,United States citizens do not need a visa if their visit to Singapore is for business or social purposes and their stay is for 90 days or less.
SG-3,need to know,Singapore,"English is the working language of Singapore: most people speak it and it is the language of business, government, education and media.",International Trade Administration. (n.d.). Singapore - Business travel. U.S. Department of Commerce.,https://www.trade.gov/country-commercial-guides/singapore-business-travel,2026-09-13,,,"It is the language of business, Government, education, and the media."
SG-4,need to know,Singapore,Business cards are essential in Singapore and are the first item exchanged in meetings; they are presented with both hands.,International Trade Administration. (n.d.). Singapore - Business travel. U.S. Department of Commerce.,https://www.trade.gov/country-commercial-guides/singapore-business-travel,2026-09-13,,,The business card is present using both hands.
SG-5,need to know,Singapore,"Singapore's Goods and Services Tax rate is 9 percent as of September 2026, charged on most sales of goods and services.",Inland Revenue Authority of Singapore. (n.d.). Current GST rates. IRAS.,https://www.iras.gov.sg/taxes/goods-services-tax-(gst)/basics-of-gst/current-gst-rates,2026-09-13,,,The current GST rate in Singapore is 9%.
SG-6,need to know,Singapore,"Restaurants and hotels normally add a 10 percent service charge plus 9 percent GST (the ""++"" on menus), so tipping on top is not customary.",Food & Hotel Asia. (n.d.). What is a service charge in Singapore? Food & Hotel Asia.,https://www.foodnhotelasia.com/glossary/horeca/what-is-a-service-charge-in-singapore/,2026-09-13,,,"Usually set at 10% of the total bill, this charge is intended to cover the cost of services provided"
SG-7,need to know,Singapore,"Changi Airport was named Airport of the Year 2026 at the World Airport Awards on 18 March 2026, having previously won the title 13 times.","Skytrax. (2026, March 18). Singapore Changi Airport is named the World's Best Airport in 2026. Skytrax Ratings.",https://skytraxratings.com/2026-world-airport-awards-are-announced,2026-09-13,,,Singapore Changi Airport has been named as the Airport of the Year 2026 at the 2026 World Airport Awards ceremony
SG-8,need to know,Singapore,"The US State Department rates Singapore Level 1, ""Exercise normal precautions"" (advisory issued 9 March 2026), and notes crime against foreigners is rare.","U.S. Department of State. (2026, March 9). Singapore international travel information. Bureau of Consular Affairs.",https://travel.state.gov/content/travel/en/international-travel/International-Travel-Country-Information-Pages/Singapore.html,2026-09-13,,,Level 1 - Exercise normal precautions
SG-9,need to know,Singapore,"Vapes are illegal in Singapore: since 1 May 2026 an individual caught possessing or using a vaporiser can be fined up to S$10,000.",Government of Singapore. (n.d.). Stop vaping - Higher penalties for vaping offences. gov.sg.,https://www.gov.sg/stopvaping-penalties/,2026-09-13,,,"Can be fined up to $10,000"
SG-10,need to know,Singapore,"Importing chewing gum into Singapore is absolutely prohibited under the Regulation of Imports and Exports (Chewing Gum) Regulations, with only a narrow free-trade-zone re-export exception.",Singapore Customs. (n.d.). Chewing gum. Singapore Customs.,https://customs.gov.sg/businesses/national-single-window/tradenet/competent-authorities-requirements/chewing-gum/,2026-09-13,,,absolutely prohibited under the Regulation of Imports and Exports(Chewing Gum) Regulations
SG-11,need to know,Singapore,"Singapore has two monsoon seasons - the Northeast Monsoon from December to early March and the Southwest Monsoon from June to September - with about 171 rain days and 2,113.3 mm of rain a year.",Meteorological Service Singapore. (n.d.). Climate of Singapore. Meteorological Service Singapore.,http://www.weather.gov.sg/climate-climate-of-singapore/,2026-09-13,,,Rainfall is plentiful in Singapore and it rains an average of 171 days of the year.
SG-12,need to know,Singapore,Singapore ranked first in the world on the World Bank's 2023 Logistics Performance Index with a score of 4.3.,World Bank. (2023). Logistics Performance Index: Global rankings 2023. World Bank.,https://lpi.worldbank.org/international/global,2026-09-13,,,Singapore | 2023 | 1 | 4.3
SG-13,at a glance,Singapore,Singapore's currency is the Singapore dollar (SGD).,Deloitte. (2025). International tax: Singapore highlights 2025. Deloitte Touche Tohmatsu Limited.,https://www.deloitte.com/content/dam/assets-shared/docs/services/tax/2025/dttl-tax-singaporehighlights-2025.pdf,2026-09-13,,,Currency: Singapore Dollar (SGD)
SG-14,at a glance,Singapore,"Singapore's government is organised into three organs of state - the Executive, the Legislature and the Judiciary - under a written constitution that is the supreme law.",Prime Minister's Office Singapore. (n.d.). The Government. Prime Minister's Office.,https://www.pmo.gov.sg/about-us/the-government/,2026-09-13,,,"the Executive, the Legislative and the Judiciary"
SG-15,at a glance,Singapore,"The head of state is President Tharman Shanmugaratnam, sworn in on 14 September 2023; since 1991 the president has been directly elected for a six-year term with no term limits.",Istana Singapore. (n.d.). The Presidency. The Istana.,https://www.istana.gov.sg/the-president/presidents-duties/the-presidency/,2026-09-13,,,sworn in as the ninth President of the Republic of Singapore on 14 September 2023
SG-16,at a glance,Singapore,"Lawrence Wong is Prime Minister of Singapore and also serves as Minister for Finance, leading a People's Action Party government.",Prime Minister's Office Singapore. (n.d.). The Cabinet. Prime Minister's Office.,https://www.pmo.gov.sg/The-Cabinet,2026-09-13,,,Prime Minister and Minister for Finance
SG-17,at a glance,Singapore,"At the general election of 3 May 2025 the People's Action Party won 87 of 97 parliamentary seats, and the Workers' Party retained 10 seats as the only opposition in Parliament.",US-ASEAN Business Council. (2025). Singapore General Election 2025 (GE2025): Political landscape and policy continuity. US-ASEAN Business Council.,https://www.usasean.org/article/singapore-general-election-2025-ge2025-political-landscape-and-policy-continuity,2026-09-13,,,87 of 97 seats
SG-18,at a glance,Singapore,"The PAP's share of the popular vote rose to 65.57 percent in the 2025 general election, up from 61.23 percent in 2020.",US-ASEAN Business Council. (2025). Singapore General Election 2025 (GE2025): Political landscape and policy continuity. US-ASEAN Business Council.,https://www.usasean.org/article/singapore-general-election-2025-ge2025-political-landscape-and-policy-continuity,2026-09-13,,,"increased its share of the popular vote to 65.57%, up from 61.23% in 2020"
SG-19,at a glance,Singapore,"Singapore scored 84 on Transparency International's latest Corruption Perceptions Index, ranking 3rd out of 182 countries, unchanged from the previous year.",Transparency International. (2026). Singapore. Transparency.org.,https://www.transparency.org/en/countries/singapore,2026-09-13,,,"Singapore has a score of 84 this year, with a change of 0 since last year, meaning it ranks 3 out of 182 countries."
SG-20,at a glance,Singapore,Singapore's Corrupt Practices Investigation Bureau confirms the country retained third place globally and first in Asia Pacific on the 2025 CPI with a score of 84.,Corrupt Practices Investigation Bureau. (2026). 2025 TI CPI: Singapore maintains global third spot and top position in Asia Pacific. CPIB.,https://www.cpib.gov.sg/2025-ti-cpi-singapore-maintains-global-third-spot-and-top-position-in-asia-pacific/,2026-09-13,,,the world's third least corrupt country out of 182 countries
SG-21,at a glance,Singapore,"Singapore holds top-tier sovereign credit ratings from all three major agencies: Aaa from Moody's (stable, May 2026), AAA from S&P and AAA from Fitch, all with stable outlooks.",countryeconomy.com. (2026). Singapore credit rating 2026. countryeconomy.com.,https://countryeconomy.com/ratings/singapore,2026-09-13,,,Aaa rating with Stable outlook
SG-22,at a glance,Singapore,"Singapore's total population was 6.11 million as at June 2025, up 1.2 percent year on year, comprising 3.66 million citizens, 0.54 million PRs and 1.91 million non-residents.",National Population and Talent Division. (2025). Overall population. Population.gov.sg.,https://www.population.gov.sg/our-population/population-trends/overall-population/,2026-09-13,,,6.11 million
SG-23,at a glance,Singapore,"Singapore has the highest GDP per capita in Asia at US$84,734 as of 2023.",International Trade Administration. (n.d.). Singapore - Market overview. U.S. Department of Commerce.,https://www.trade.gov/country-commercial-guides/singapore-market-overview,2026-09-13,,,"Singapore has the highest GDP per capita in Asia (US$84,734 as of 2023)."
SG-24,dangers government,Singapore,"The Foreign Interference (Countermeasures) Act, passed in October 2021, gives the government powers against hostile information campaigns (in force July 2022) and over ""politically significant persons"" (in force December 2023).",Ministry of Home Affairs. (n.d.). Introduction to Foreign Interference (Countermeasures) Act (FICA). Ministry of Home Affairs.,https://www.mha.gov.sg/what-we-do/foreign-interference/fica/,2026-09-13,,,"FICA is a law passed by the Singapore Parliament that gives the government tools to detect, prevent and counter foreign interference"
SG-25,dangers government,Singapore,"Under POFMA the government's main tool is the correction direction, which requires a poster to attach a notice linking to the government's clarification rather than removing the content.",POFMA Office. (n.d.). Protection from Online Falsehoods and Manipulation Act. POFMA Office.,https://www.pofmaoffice.gov.sg/,2026-09-13,,,"require recipients to insert a notice against the original post, with a link to the Government's clarification"
SG-26,dangers government,Singapore,"Under the Public Order Act a police permit is required for any public assembly or procession that demonstrates support for or opposition to any government, publicises a cause, or commemorates an event.",Ministry of Home Affairs. (n.d.). Maintaining public order. Ministry of Home Affairs.,https://www.mha.gov.sg/what-we-do/maintaining-law-and-order/maintaining-public-order/,2026-09-13,,,"Demonstrate support for or opposition to the views or actions of any persons, group of persons or any government"
SG-27,dangers government,Singapore,"At Speakers' Corner in Hong Lim Park, only Singapore citizens and citizen-controlled entities may register freely; foreigners must obtain a police permit to organise, speak at or even participate in an event.",National Parks Board. (n.d.). Speakers Corner. NParks.,https://www.nparks.gov.sg/speakers-corner,2026-09-13,,,"Foreigners who wish to organise, speak at or participate in an event at the Speakers Corner are required to apply for a Police permit."
SG-28,dangers government,Singapore,"Events at Speakers' Corner relating to the Israel-Hamas conflict are refused on public safety and security grounds, showing how tightly assembly is managed even in the designated free-speech zone.",National Parks Board. (n.d.). Speakers Corner. NParks.,https://www.nparks.gov.sg/speakers-corner,2026-09-13,,,Any event and public assembly organised in relation to the Israel-Hamas conflict will be turned down
SG-29,dangers government,Singapore,"The Maintenance of Religious Harmony Act, enacted in 1990, plus the Penal Code, give the state broad powers over speech that wounds religious feelings or promotes enmity between groups.",Ministry of Home Affairs. (n.d.). Maintaining racial and religious harmony. Ministry of Home Affairs.,https://www.mha.gov.sg/what-we-do/managing-security-threats/maintaining-racial-and-religious-harmony/,2026-09-13,,,The Maintenance of Religious Harmony Act (MRHA) was enacted in 1990 to provide for powers to maintain religious harmony in Singapore.
SG-30,dangers society,Singapore,"Singapore's health system relies on co-payment: government subsidies cover up to 80 percent of bills in acute public hospital wards, with MediSave, MediShield Life and MediFund layered on top.","Commonwealth Fund. (n.d.). Singapore. International Health Policy Center, The Commonwealth Fund.",https://www.commonwealthfund.org/international-health-policy-center/countries/singapore,2026-09-13,,,up to 80 percent of medical bills in acute public hospital wards
SG-31,dangers society,Singapore,"Singapore spends comparatively little on health - 4.9 percent of GDP in 2022 (US$4,250 per capita) versus 8.2 percent for high-income countries - yet life expectancy reached 83.5 years in 2024.","Commonwealth Fund. (n.d.). Singapore. International Health Policy Center, The Commonwealth Fund.",https://www.commonwealthfund.org/international-health-policy-center/countries/singapore,2026-09-13,,,"In 2022, national health expenditure reached 4.9 percent of GDP, up from 3.3 percent in 2012"
SG-32,dangers society,Singapore,"Out-of-pocket payments still account for about a quarter of Singapore health spending (25.4 percent in 2023), and MediShield Life carries deductibles of S$1,500 to S$3,000 plus 3-10 percent coinsurance.","Commonwealth Fund. (n.d.). Singapore. International Health Policy Center, The Commonwealth Fund.",https://www.commonwealthfund.org/international-health-policy-center/countries/singapore,2026-09-13,,,"in 2023, it accounted for only 25.4 percent"
SG-33,dangers society,Singapore,"Singapore topped all participating countries and economies in PISA 2022, scoring 575 in mathematics, 543 in reading and 561 in science.",ILSA-Gateway. (2023). PISA 2022 results. ILSA-Gateway.,https://www.ilsa-gateway.org/studies/results/1612,2026-09-13,,,Singapore scored significantly higher than all other countries/economies in mathematics (575 points)
SG-34,dangers society,Singapore,"Singapore is ageing fast: 20.7 percent of citizens were 65 or older in June 2025, projected to reach 23.9 percent - roughly one in four - by 2030.",National Population and Talent Division. (2025). Longevity. Population.gov.sg.,https://www.population.gov.sg/our-population/population-trends/longevity/,2026-09-13,,,"The proportion of our citizen population aged 65 years and above is rising, and at a faster pace compared to the last decade."
SG-35,dangers society,Singapore,"Singapore has repeatedly been named the world's most expensive city in the EIU Worldwide Cost of Living survey, tied with Zurich; the EDB counters that estimated monthly living expenses for a single person are S$1,391 to S$4,076.",Singapore Economic Development Board. (n.d.). What does it really cost to live in Singapore - the world's 'most expensive' city? EDB.,https://www.edb.gov.sg/en/business-insights/insights/what-does-it-really-cost-to-live-in-singapore-the-worlds-most-expensive-city.html,2026-09-13,,,the Economist Intelligence Unit (EIU) Cost of Living survey declaring Singapore as the world's most expensive city - tied with Zurich
SG-36,dangers society,Singapore,"Housing costs are finally cooling: HDB resale prices fell 0.1 percent in Q1 2026, the first decline in nearly seven years, while private residential prices still rose 0.9 percent.","Mothership. (2026, April). HDB resale prices fell by 0.1%, private housing prices rose 0.9%, in 1st quarter 2026. Mothership.SG.",https://mothership.sg/2026/04/hdb-ura-real-estate-statistics/,2026-09-13,,,the first decline of resale prices in nearly seven years since the second quarter of 2019
SG-37,dangers security,Singapore,"Physical crime remains very low but ticked up in 2025: reported physical crime cases rose from 19,969 in 2024 to 20,857 in 2025.","Singapore Police Force. (2026, February). Annual crime brief 2025. Singapore Police Force.",https://www.police.gov.sg/-/media/SPF/Media-Room/Statistics/Annual-Crime-Brief-2025/Annual-Crime-Brief-2025.pdf,2026-09-13,,,"The total number of physical crime cases reported increased slightly from 19,969 in 2024 to 20,857 in 2025."
SG-38,dangers security,Singapore,"Scams are the dominant crime risk: scam cases fell 27.6 percent to 37,308 in 2025, but e-commerce, phishing, job and investment scams remain the top categories.","Singapore Police Force. (2026, February). Annual scam and cybercrime brief 2025. Singapore Police Force.",https://www.police.gov.sg/-/media/SPF/Media-Room/Statistics/Annual-Scams-and-Cybercrime-Brief-2025/Annual-Scam-and-Cybercrime-Brief-2025.pdf,2026-09-13,,,"The number of scam cases fell by 27.6% to 37,308 scam cases in 2025, from 51,501 cases in 2024."
SG-39,dangers security,Singapore,"Scam losses in Singapore fell 17.9 percent to about S$913.1 million in 2025, down from roughly S$1,112.4 million in 2024.","Singapore Police Force. (2026, February). Annual scam and cybercrime brief 2025. Singapore Police Force.",https://www.police.gov.sg/-/media/SPF/Media-Room/Statistics/Annual-Scams-and-Cybercrime-Brief-2025/Annual-Scam-and-Cybercrime-Brief-2025.pdf,2026-09-13,,,"The losses from scams also fell, by 17.9% to about $913.1 million in 2025, from about $1,112.4 million in 2024."
SG-40,dangers security,Singapore,"Singapore's Internal Security Department assessed in July 2025 that the terrorism threat remains high, driven by self-radicalisation and by AI as an emerging terrorism enabler.","Internal Security Department. (2025, July 29). Singapore terrorism threat assessment report 2025. Internal Security Department.",https://www.isd.gov.sg/news-and-resources/singapore-terrorism-threat-assessment-report-2025/,2026-09-13,,,The terrorism threat to Singapore remains high.
SG-41,dangers security,Singapore,"Trafficking more than 15 grammes of diamorphine (heroin) carries the death penalty under Singapore's Misuse of Drugs Act, and executions continue to be carried out.","Central Narcotics Bureau. (2025, September 25). Execution of a convicted drug trafficker - 25 September 2025. Central Narcotics Bureau.",https://www.cnb.gov.sg/mediaroom/news/execution-of-a-convicted-drug-trafficker---25-september-2025/,2026-09-13,,,The Misuse of Drugs Act provides for the death penalty if the amount of diamorphine trafficked is more than 15 grammes.
SG-42,dangers security,Singapore,"US official travel guidance warns that vandalism offences in Singapore carry mandatory caning and that jaywalking, littering or spitting can lead to arrest.","U.S. Department of State. (2026, March 9). Singapore international travel information. Bureau of Consular Affairs.",https://travel.state.gov/content/travel/en/international-travel/International-Travel-Country-Information-Pages/Singapore.html,2026-09-13,,,Vandalism offenses - mandatory caning
SG-43,dangers security,Singapore,"Littering is prosecuted under the Environmental Public Health Act with fines of up to S$2,000 for a first conviction, rising to S$10,000 for third and subsequent convictions, plus Corrective Work Orders of up to 12 hours.","National Environment Agency. (n.d.). $3,600 fine and 12 hours of corrective work order for recalcitrant littering offender. NEA.",https://www.nea.gov.sg/media/news/advisories/index/3-600-fine-and-12-hours-of-corrective-work-order-for-recalcitrant-littering-offender,2026-09-13,,,requiring offenders to clean public areas for up to 12 hours
SG-44,dangers security,Singapore,"Flash floods are a real but contained risk: PUB says extremely heavy rain can exceed drain capacity, though flood-prone areas have shrunk 99 percent from about 3,200 hectares in the 1970s to 25 hectares today.","PUB, Singapore's National Water Agency. (n.d.). About floods. PUB.",https://www.pub.gov.sg/Public/KeyInitiatives/Flood-Resilience/About-Floods,2026-09-13,,,"Flood-prone areas in Singapore have reduced by 99% from about 3,200 hectares in the 1970s to 25 hectares today."
SG-45,dangers security,Singapore,"From 1 May 2026 vape offences involving etomidate carry fines up to S$20,000 or up to 10 years' jail for individuals, with caning for suppliers and importers.",Health Sciences Authority. (2026). Vaping enforcement. Health Sciences Authority.,https://www.hsa.gov.sg/tobacco-regulation/vaping-enforcement/,2026-09-13,,,"Can be fined up to $20,000, or face up to 10 years of imprisonment, or both"
SG-46,dangers economy,Singapore,The United States imposed a 10 percent reciprocal tariff on imports from Singapore with effect from 5 April 2025.,"Enterprise Singapore. (2025, April 14). FAQs on US tariffs. Enterprise Singapore.",https://www.enterprisesg.gov.sg/-/media/esg/files/non-financial-assistance/for-companies/free-trade-agreements/ussfta/faqs-on-us-tariffs.pdf,2026-09-13,,,The US' 10% tariffs on imports from Singapore came into effect on 5 April 2025
SG-47,dangers economy,Singapore,Having a free trade agreement with the US does not shield Singapore exporters: goods qualifying under the USSFTA are generally not exempt from the 10 percent tariff.,"Enterprise Singapore. (2025, April 14). FAQs on US tariffs. Enterprise Singapore.",https://www.enterprisesg.gov.sg/-/media/esg/files/non-financial-assistance/for-companies/free-trade-agreements/ussfta/faqs-on-us-tariffs.pdf,2026-09-13,,,Goods that qualify for the USSFTA are generally not exempted from the US' 10% tariffs
SG-48,dangers economy,Singapore,"In a ministerial statement on 8 April 2025 PM Lawrence Wong told Parliament that the tariff shock marks the end of an era, saying the rules-based trading system would unravel.","Prime Minister's Office Singapore. (2025, April 8). Ministerial statement by PM Lawrence Wong on the US tariffs and implications. Prime Minister's Office.",https://www.pmo.gov.sg/newsroom/ministerial-statement-by-pm-lawrence-wong-on-the-us-tariffs-and-implication/,2026-09-13,,,the era of rules-based globalisation and free trade is over
SG-49,dangers economy,Singapore,On 11 August 2026 MTI upgraded its 2026 GDP growth forecast to 4.5-5.5 percent after the economy grew 5.9 percent year on year in 2Q2026 and 6.1 percent in the first half.,"Ministry of Trade and Industry. (2026, August 11). MTI upgrades 2026 GDP growth forecast to ""4.5 to 5.5 per cent"". Ministry of Trade and Industry.",https://www.mti.gov.sg/newsroom/mti-upgrades-2026-gdp-growth-forecast-to--4-5-to-5-5-per-cent-/,2026-09-13,,,4.5 to 5.5 per cent
SG-50,dangers economy,Singapore,"MTI attributes the 2026 upgrade partly to the global AI capital expenditure boom, which is lifting Singapore's electronics and export-facing sectors.","Ministry of Trade and Industry. (2026, August 11). MTI upgrades 2026 GDP growth forecast to ""4.5 to 5.5 per cent"". Ministry of Trade and Industry.",https://www.mti.gov.sg/newsroom/mti-upgrades-2026-gdp-growth-forecast-to--4-5-to-5-5-per-cent-/,2026-09-13,,,the acceleration in global AI-related capital expenditure
SG-51,dangers economy,Singapore,"Coface flags Singapore's dependence on imported energy and food, labour and housing shortages, and an elderly dependency ratio of 27 percent.","Coface. (2026). Singapore: Country file, economic risk analysis. Coface.",https://www.coface.com/news-economy-and-insights/business-risk-dashboard/country-risk-files/singapore,2026-09-13,,,Dependent on exports and imports (energy and food)
SG-52,dangers economy,Singapore,"Coface notes Singapore is vulnerable to a structural slowdown in China and to great-power tensions; its export mix is led by China (12 percent), Hong Kong (11 percent), Malaysia (10 percent) and the USA (9 percent).","Coface. (2026). Singapore: Country file, economic risk analysis. Coface.",https://www.coface.com/news-economy-and-insights/business-risk-dashboard/country-risk-files/singapore,2026-09-13,,,Vulnerable to the structural slowdown of the Chinese economy and geopolitical tensions
SG-53,dangers economy,Singapore,"Singapore's economy runs on imported labour: the total foreign workforce was 1,635,700 as at December 2025, including 203,300 Employment Pass holders and 1,222,700 Work Permit holders.",Ministry of Manpower. (2026). Foreign workforce numbers. Ministry of Manpower.,https://www.mom.gov.sg/foreign-workforce-numbers,2026-09-13,,,Total foreign workforce
SG-54,money matters,Singapore,"The stock of foreign direct investment in Singapore's corporate sector rose 9.5 percent to S$3,130 billion as at end-2024, with the US, Japan, the UK and Hong Kong the leading sources.",Department of Statistics Singapore. (2025). Foreign direct investment in Singapore 2024. SingStat.,https://www.singstat.gov.sg/news/foreign-direct-investment-in-singapore-2024,2026-09-13,,,"The stock of Foreign Direct Investment (FDI) in Singapore's Corporate Sector increased 9.5% to reach $3,130 bil as at end 2024."
SG-55,money matters,Singapore,"The United States is Singapore's largest single source of FDI, with US$424.2 billion of FDI stock in 2023, while Singapore held over US$58 billion of FDI stock in the US.",International Trade Administration. (n.d.). Singapore - Market overview. U.S. Department of Commerce.,https://www.trade.gov/country-commercial-guides/singapore-market-overview,2026-09-13,,,the United States investing US$424.2 billion in FDI stock in the island nation in 2023
SG-56,money matters,Singapore,"Singapore has no blanket cap on foreign ownership, but broadcasting is restricted: no foreign source may hold 49 percent or more of the shares or voting power in a broadcasting company.",Lex Mundi. (n.d.). Singapore. Foreign investment restrictions guide. Lex Mundi.,https://www.lexmundi.com/guides/foreign-investment-restrictions-guide/jurisdictions/asia-pacific/singapore/,2026-09-13,,,"is prohibited from holding 49% or more of the shares or controlling 49% or more of the voting power, in a broadcasting company"
SG-57,money matters,Singapore,Foreigners cannot freely buy landed residential property in Singapore: a transfer or sale to a foreign person without the required approval is null and void.,Lex Mundi. (n.d.). Singapore. Foreign investment restrictions guide. Lex Mundi.,https://www.lexmundi.com/guides/foreign-investment-restrictions-guide/jurisdictions/asia-pacific/singapore/,2026-09-13,,,Any transfer or sale of a landed residential property to a foreign person without the requisite approval...is null and void.
SG-58,money matters,Singapore,"EDB's Pioneer Certificate and Development and Expansion Incentive give approved companies a corporate tax exemption or a concessionary rate of 5 or 10 percent on qualifying income, for an incentive period limited to five years.",Singapore Economic Development Board. (n.d.). Pioneer Certificate Incentive and Development and Expansion Incentive [Brochure]. EDB.,https://www.edb.gov.sg/content/dam/edb-zh/downloads/brochures/PC%20and%20DEI%20Brochure.pdf,2026-09-13,,,"a corporate tax exemption or a concessionary tax rate of 5% or 10%, respectively, on income derived from qualifying activities"
SG-59,money matters,Singapore,Singapore's headline corporate income tax rate is 17 percent.,"Inland Revenue Authority of Singapore. (n.d.). Corporate income tax rate, rebates and tax exemption schemes. IRAS.",https://www.iras.gov.sg/taxes/corporate-income-tax/basics-of-corporate-income-tax/corporate-income-tax-rate-rebates-and-tax-exemption-schemes,2026-09-13,,,Singapore's Corporate Income Tax rate is 17%.
SG-60,money matters,Singapore,"Singapore imposes no significant restrictions on foreign exchange transactions or capital movements, so profits and capital can be repatriated freely.",Deloitte. (2025). International tax: Singapore highlights 2025. Deloitte Touche Tohmatsu Limited.,https://www.deloitte.com/content/dam/assets-shared/docs/services/tax/2025/dttl-tax-singaporehighlights-2025.pdf,2026-09-13,,,There are no significant restrictions on foreign exchange transactions and capital
SG-61,money matters,Singapore,"Singapore does not levy withholding tax on dividends paid to residents or non-residents, which simplifies profit repatriation.",Deloitte. (2025). International tax: Singapore highlights 2025. Deloitte Touche Tohmatsu Limited.,https://www.deloitte.com/content/dam/assets-shared/docs/services/tax/2025/dttl-tax-singaporehighlights-2025.pdf,2026-09-13,,,Singapore does not impose withholding tax on dividends.
SG-62,money matters,Singapore,Singapore adopted the OECD Pillar Two global minimum tax: an MNE top-up tax (income inclusion rule) and a domestic top-up tax apply for accounting periods beginning on or after 1 January 2025.,Deloitte. (2025). International tax: Singapore highlights 2025. Deloitte Touche Tohmatsu Limited.,https://www.deloitte.com/content/dam/assets-shared/docs/services/tax/2025/dttl-tax-singaporehighlights-2025.pdf,2026-09-13,,,An MNE top-up tax implementing the income inclusion rule (IIR) and a domestic top-up tax
SG-63,money matters,Singapore,The US-Singapore Free Trade Agreement has been in effect since 2004 and was the first FTA between the United States and an Asian country.,Ministry of Foreign Affairs Singapore. (n.d.). United States. Ministry of Foreign Affairs.,https://www.mfa.gov.sg/about-mfa/foreign-policy/countries-and-regions/united-states/,2026-09-13,,,US-Singapore Free Trade Agreement that came into force in 2004 was the first FTA between the US and an Asian country
SG-64,money matters,Singapore,Incorporating a company in Singapore through ACRA's BizFile costs S$315 in government fees - a S$15 name application fee plus a S$300 incorporation fee.,Accounting and Corporate Regulatory Authority. (n.d.). Choosing a business structure. ACRA.,https://www.acra.gov.sg/how-to-guides/before-you-start/choosing-a-business-structure,2026-09-13,,,$315 ($15 name application fee and $300 incorporation fee)
SG-65,money matters,Singapore,"EDB reported on 9 February 2026 that Singapore secured S$14.2 billion of fixed asset investment commitments and S$8.9 billion in annual business expenditure in 2025, expected to create 15,700 jobs.","Singapore Economic Development Board. (2026, February 9). EDB year 2025 in review. EDB.",https://www.edb.gov.sg/en/about-edb/media-releases-publications/edb-year-2025-in-review.html,2026-09-13,,,investment commitments will take place over the next five years
SG-66,political weather,Singapore,Former transport minister S. Iswaran was jailed for 12 months on 3 October 2024 after pleading guilty to four counts of improperly receiving gifts and one of obstructing justice - Singapore's first political corruption trial in nearly half a century.,"Al Jazeera. (2024, October 3). Singapore's ex-transport minister jailed for 12 months in landmark ruling. Al Jazeera.",https://www.aljazeera.com/news/2024/10/3/singapores-ex-transport-minister-jailed-for-12-months-in-landmark-ruling,2026-09-13,,,four counts of improperly receiving gifts and one of obstructing justice
SG-67,political weather,Singapore,CPIB remains visibly active in the private sector: on 7 September 2026 it charged a former senior project manager and a director with alleged corruption and money laundering offences.,"Corrupt Practices Investigation Bureau. (2026, September 7). Former senior project manager and director charged with alleged corruption and money laundering offences. CPIB.",https://www.cpib.gov.sg/,2026-09-13,,,Former Senior Project Manager and Director Charged with Alleged Corruption and Money Laundering Offences
SG-68,political weather,Singapore,"Singapore has an extensive trade network of 29 implemented free trade agreements, including the CPTPP among 12 economies, RCEP among 15 countries, and the EU-Singapore FTA.",Ministry of Trade and Industry. (n.d.). Free trade agreements (FTAs). Ministry of Trade and Industry.,https://www.mti.gov.sg/trade-international-economic-relations/agreements/free-trade-agreements-fta/,2026-09-13,,,"Over the years, it has forged an extensive network of 29 implemented agreements."
SG-69,political weather,Singapore,"Singapore's total merchandise trade was S$1,397.7 billion in 2025, an 8.7 percent increase, with Taiwan, mainland China, Malaysia and the United States its top trading partners.",Department of Statistics Singapore. (2026). Singapore international trade [Infographic]. SingStat.,https://www.singstat.gov.sg/-/media/files/visualising_data/infographics/trade_and_investment/singapore-international-trade.ashx,2026-09-13,,,"Taiwan, Mainland China, Malaysia and the US were Singapore's top trading partners"
SG-70,political weather,Singapore,"China has been Singapore's largest trading partner since 2013, and Singapore has been China's largest foreign investor; the relationship is framed as an ""All-Round Cooperative Partnership Progressing with the Times"".",Ministry of Foreign Affairs Singapore. (n.d.). People's Republic of China. Ministry of Foreign Affairs.,https://www.mfa.gov.sg/about-mfa/foreign-policy/countries-and-regions/peoples-republic-of-china/,2026-09-13,,,"Since 2013, China has been Singapore's largest trading partner"
SG-71,political weather,Singapore,"Singapore keeps close defence ties with the US through the 1990 MOU on use of facilities, the 2005 Strategic Framework Agreement and the 2015 enhanced Defence Cooperation Agreement, while calling the US its largest foreign direct investor by country.",Ministry of Foreign Affairs Singapore. (n.d.). United States. Ministry of Foreign Affairs.,https://www.mfa.gov.sg/about-mfa/foreign-policy/countries-and-regions/united-states/,2026-09-13,,,"Singapore enjoys strong and longstanding defence, economic and political relations with the US."
SG-72,political weather,Singapore,"Singapore and China agreed that the China-Singapore FTA Further Upgrade Protocol would enter into force on 31 December 2024, announced at the 20th Joint Council for Bilateral Cooperation on 11 November 2024.","Ministry of Trade and Industry. (2024, November 11). Singapore and China are committed to ensuring that the China-Singapore Free Trade Agreement Further Upgrade Protocol would enter into force. Ministry of Trade and Industry.",https://www.mti.gov.sg/Newsroom/Press-Releases/2024/11/Singapore-and-China-are-committed-to-ensuring-that-the-China-Singapore-Free-Trade-Agreement,2026-09-13,,,would enter into force on 31 December 2024
SG-73,political weather,Singapore,"Civil unrest is extremely rare: the December 2013 Little India riot involved about 300 rioters, injured 54 officers and eight civilians, and was the worst public violence in Singapore in over four decades.",National Library Board. (n.d.). Little India riot. NLB Singapore.,https://www.nlb.gov.sg/main/article-detail?cmsuuid=1665605a-de43-4e02-a8aa-c3d8f42a1c8c,2026-09-13,,,"Some 300 rioters took part in the unrest, which was the worst case of public violence in Singapore in over four decades."
SG-74,political weather,Singapore,"Wealth management is a politically exposed industry: MAS's 2024 Asset Management Survey, released 11 August 2025, put assets under management at S$6.07 trillion, up 12 percent.","CNPLaw. (2025, August 11). Singapore's asset management industry grows 12% in 2024, reaching S$6.07 trillion in AUM. CNPLaw.",https://www.cnplaw.com/singapores-asset-management-industry-grows-12-in-2024-reaching-s6-07-trillion-in-aum/,2026-09-13,,,"The Monetary Authority of Singapore (""MAS"") has released its 2024 Singapore Asset Management Survey"
SG-75,political weather,Singapore,"Shipping and bunkering set records in 2025: container throughput hit 44.66 million TEUs (up 8.6 percent), vessel arrivals 3.22 billion GT, and marine fuel sales 56.77 million tonnes, announced 13 January 2026.","Maritime and Port Authority of Singapore. (2026, January 13). Singapore posts record port performance in 2025 and develops future readiness through industry collaborations for 2026. MPA.",https://www.mpa.gov.sg/media-centre/details/singapore-posts-record-port-performance-in-2025-and-develops-future-readiness-through-industry-collaborations-for-2026,2026-09-13,,,44.66 million TEUs
SG-76,political weather,Singapore,"Data centres and energy are now a policy pressure point: PwC projects Singapore data centre investment rising from about US$7 billion a year in 2026 to US$19.2 billion by 2050, against a government target of at least 300 MW of additional capacity in the near term.","TNGlobal. (2026, September 9). Singapore data center annual investment to reach $19.2 billion in 2050 - PwC. TNGlobal.",https://technode.global/2026/09/09/singapore-data-center-annual-investment-to-reach-19-2-billion-in-2050-pwc/,2026-09-13,,,at least 300 megawatts of additional capacity in the near term
SG-77,etiquette,Singapore,"Standard Singapore business dress is a long-sleeved shirt, with no tie required for most meetings; a coat and tie is reserved for formal occasions.",International Trade Administration. (n.d.). Singapore - Business travel. U.S. Department of Commerce.,https://www.trade.gov/country-commercial-guides/singapore-business-travel,2026-09-13,,,"Singapore business dress is a long-sleeved shirt, and the absence of a tie is acceptable."
SG-78,etiquette,Singapore,"Address Singaporean counterparts by their last name until invited to do otherwise; when unsure, ask ""How shall I address you?""",International Trade Administration. (n.d.). Singapore - Business travel. U.S. Department of Commerce.,https://www.trade.gov/country-commercial-guides/singapore-business-travel,2026-09-13,,,"For politeness and respect, it is wise to address a businessperson by the last name rather than the first name."
SG-79,etiquette,Singapore,"Standard business hours are 8:30 a.m. to 5:00 p.m., Monday to Friday, and business discussion is usually very straightforward.",International Trade Administration. (n.d.). Singapore - Business travel. U.S. Department of Commerce.,https://www.trade.gov/country-commercial-guides/singapore-business-travel,2026-09-13,,,usually very straightforward
SG-80,etiquette,Singapore,"Visitors should treat race and religion as sensitive ground: offences that incite violence, promote enmity or wound religious feelings are consolidated under the Maintenance of Religious Harmony Act.",Ministry of Home Affairs. (n.d.). Maintaining racial and religious harmony. Ministry of Home Affairs.,https://www.mha.gov.sg/what-we-do/managing-security-threats/maintaining-racial-and-religious-harmony/,2026-09-13,,,consolidated under the MRHA
SG-81,etiquette,Singapore,"Everyday laws visitors break carry real consequences: US travel guidance lists jaywalking, littering or spitting as grounds for possible arrest, and drug charges as attracting the death penalty or caning.","U.S. Department of State. (2026, March 9). Singapore international travel information. Bureau of Consular Affairs.",https://travel.state.gov/content/travel/en/international-travel/International-Travel-Country-Information-Pages/Singapore.html,2026-09-13,,,"Jaywalking, littering, or spitting - possible arrest"
SG-82,etiquette,Singapore,"Possessing, buying or using vapes is illegal for visitors too; foreigners face fines, confiscation and possible deportation with re-entry bans.","U.S. Department of State. (2026, March 9). Singapore international travel information. Bureau of Consular Affairs.",https://travel.state.gov/content/travel/en/international-travel/International-Travel-Country-Information-Pages/Singapore.html,2026-09-13,,,"It is illegal to possess, purchase, or use vapes and e-cigarettes."
SG-83,itinerary,Singapore,"Emerson's process management arm operates a Singapore regional entity, Emerson Process Mgmt Asia Pacific Pte Ltd, at 1 Pandan Crescent, Singapore 128461, listed as its Asia-Pacific contact point.",Emerson. (n.d.). Emerson Process Management Asia-Pacific contacts. Emerson Process.,https://www3.emersonprocess.com/remote/emerson/support/RAS_AP.html,2026-09-13,,,Emerson Process Mgmt Asia Pacific Pte Ltd | 1 Pandan Crescent | Singapore | Singapore | 128461
SG-84,itinerary,Singapore,"Swapaholic, founded in Singapore in 2017 by Priyanka Shahra, is a preloved-fashion swap, sell and buy platform serving a customer base of more than 20,000.","SG Magazine. (n.d.). #10minswith... Priyanka Shahra, founder of Swapaholic. SG Magazine.",https://sgmagazine.com/lifestyle/10minswith-priyanka-shahra-founder-of-swapaholic/,2026-09-13,,,"a 20,000+ strong customer base"
SG-85,itinerary,Singapore,"Swapaholic is a Certified B Corporation and runs a physical Swap Shop at The Centrepoint on Orchard Road; single swap events have diverted over 1,500 kg of textile waste from Semakau landfill.",Swapaholic. (n.d.). Sustainable fashion: Swapaholic events. Swapaholic.,https://www.events.swapaholic.com/,2026-09-13,,,"prevented at least 1,556 kilograms textile waste from reaching our Semakau landfill"
SG-86,itinerary,Singapore,Mastercard's Singapore office serves as the company's Asia Pacific headquarters.,Mastercard. (n.d.). Jobs in Singapore. Mastercard Careers.,https://careers.mastercard.com/us/en/singapore,2026-09-13,,,The Singapore office serves as Mastercard's Asia Pacific headquarters
SG-87,itinerary,Singapore,"S&P Global's Singapore office is at 12 Marina Boulevard, Marina Bay Financial Centre Tower 3, Level 23, Singapore 018982, part of a network of over 70 offices in 35 countries.",S&P Global. (n.d.). Office locations. S&P Global.,https://www.spglobal.com/en/contact-us/office-locations,2026-09-13,,,"12 Marina Boulevard, Marina Bay Financial Centre Tower 3, Level 23, Singapore, 018982"
SG-88,itinerary,Singapore,"UOB is headquartered at 80 Raffles Place, UOB Plaza, Singapore 048624, and reported total assets of S$572.1 billion and net profit of S$4,682 million for FY2025.",United Overseas Bank. (2026). Condensed financial statements 4Q 2025. UOB.,https://www.uob.com.sg/investor-relations/assets/pdfs/investor/financial/2025/condensed-financial-statements-4q-2025.pdf,2026-09-13,,,"80 Raffles Place UOB Plaza, Singapore 048624"
SG-89,itinerary,Singapore,"The U.S. Commercial Service at the American Embassy in Singapore is located at 27 Napier Road, Singapore 258508 (tel. +65 6476-9037) and supports US companies using Singapore as a regional hub.",U.S. Embassy in Singapore. (n.d.). Business. U.S. Embassy Singapore.,https://sg.usembassy.gov/business/,2026-09-13,,,27 Napier Road Singapore 258508 Tel: [(65) 6476-9037]
SG-90,itinerary,Singapore,"The US Embassy describes Singapore as a preferred regional business hub and distribution centre for US companies reaching Asia, and one of the United States' largest trading partners.",U.S. Embassy in Singapore. (n.d.). Business. U.S. Embassy Singapore.,https://sg.usembassy.gov/business/,2026-09-13,,,making it a preferred regional business hub and distribution center for U.S. companies to reach Asia
SG-91,what changed,Singapore,"On 8 September 2026 the government accepted a review raising political salaries for the first time in 15 years: MP allowances rise from S$13,750 to S$18,500 a month from 15 October 2026, and PM Wong said he would donate his own increase.","Prime Minister's Office Singapore. (2026, September 8). PM Lawrence Wong on Government's response to ""2026 review of salaries for political appointment holders and Members of Parliament"". Prime Minister's Office.",https://www.pmo.gov.sg/newsroom/pm-lawrence-wong-on-government-response-to-2026-review-of-salaries-for-political-appointment-holders-and-members-of-parliament/,2026-09-13,,,I will donate the full increase in my salary arising from this adjustment
SG-92,what changed,Singapore,"On 10 September 2026 the Internal Security Department's Terrorism Threat Assessment Report 2026 said Singapore continues to face a high terrorism threat, with eight Singaporeans detained or issued Restriction Orders since July 2025.","The Star. (2026, September 10). Singapore continues to face high terrorism threat. The Star.",https://www.thestar.com.my/aseanplus/aseanplus-news/2026/09/10/singapore-continues-to-face-high-terrorism-threat,2026-09-13,,,"Singapore continues to face a high terrorism threat, with online platforms fuelling radicalisation, especially among youths."
SG-93,what changed,Singapore,"In MAS's September 2026 Survey of Professional Forecasters, economists raised their median 2026 GDP growth forecast to 5 percent from 3.5 percent in June, citing the AI capex acceleration.","Yahoo Finance Singapore. (2026, September). Market watchers raise Singapore's 2026 GDP forecast to 5% in September survey. Yahoo Finance.",https://sg.finance.yahoo.com/news/market-watchers-raise-singapores-2026-200000591.html,2026-09-13,,,"the Singapore economy is most likely to grow between 5% to 5.4%, with an average probability of 37%"
SG-94,what changed,Singapore,"At the National Day Rally on 23 August 2026 PM Wong put families and affordability at the centre of policy, cutting target full-day childcare fees to about S$150 a month and raising the BTO income ceiling from S$14,000 to S$16,000.","Prime Minister's Office Singapore. (2026, August 23). National Day Rally 2026. Prime Minister's Office.",https://www.pmo.gov.sg/newsroom/ndr2026/,2026-09-13,,,nearly $150 a month
SG-95,what changed,Singapore,"A PwC study released on 9 September 2026 projects cumulative Singapore data centre investment of about US$330 billion between 2026 and 2050, underlining energy and land as the binding constraints on the AI build-out.","TNGlobal. (2026, September 9). Singapore data center annual investment to reach $19.2 billion in 2050 - PwC. TNGlobal.",https://technode.global/2026/09/09/singapore-data-center-annual-investment-to-reach-19-2-billion-in-2050-pwc/,2026-09-13,,,"Singapore cannot rival larger Southeast Asian markets on land or unconstrained power volume, but it can compete on the quality of each megawatt deployed."
VN-1,need to know,Vietnam,"US citizens can apply online for a Vietnamese e-visa valid up to 90 days, costing USD 25 for single entry or USD 50 for multiple entries (US Embassy Hanoi, retrieved September 13, 2026).",U.S. Embassy & Consulate in Vietnam. (n.d.). Vietnamese visas and entry/exit. U.S. Department of State.,https://vn.usembassy.gov/vietnamese-visas-and-entry-exit/,2026-09-13,,,"E-visas are issued with a validity period of up to 90 days, one-entry for 25 USD or multiple-entries for 50 USD"
VN-2,need to know,Vietnam,"The US State Department rates Vietnam Level 1 (Exercise Normal Precautions) as of its June 24, 2026 advisory, while warning that petty crime is common in tourist areas.","U.S. Department of State. (2026, June 24). Vietnam travel advisory. Travel.State.Gov.",https://travel.state.gov/content/travel/en/traveladvisories/traveladvisories/vietnam-travel-advisory.html,2026-09-13,,,"Petty crime is common, especially in popular tourist locations. Stay aware of your surroundings."
VN-3,need to know,Vietnam,"Vietnam had over 77 million registered motorcycles as of September 2024, about 770 per 1,000 people, and motorbikes make up 85-90% of road traffic.","VietNamNet. (2024, November 5). Vietnam leads the world in motorcycle usage with over 77 million registered. VietNamNet Global.",https://vietnamnet.vn/en/vietnam-leads-the-world-in-motorcycle-usage-with-over-77-million-registered-2338732.html,2026-09-13,,,"a motorcycle ownership rate of 770 per 1,000 people"
VN-4,need to know,Vietnam,"Local guidance for crossing Vietnamese streets is to step out and keep walking at a steady, predictable pace rather than stopping or darting back.",Vietcetera. (n.d.). Vietnam survival guide: Road crossing 101. Vietcetera.,https://vietcetera.com/en/vietnam-survival-guide-road-crossing-101,2026-09-13,,,"the golden rule for crossing the road in Vietnam is simple: once you step out, keep moving"
VN-5,need to know,Vietnam,"Vietnam's official currency is the dong, notes only (no coins), and tipping in restaurants and cafes is not expected, though cards are widely accepted in hotels and larger venues.",Vietnam National Administration of Tourism. (n.d.). Currency and payments in Vietnam. Vietnam.travel.,https://vietnam.travel/things-to-do/currency-and-payments-vietnam,2026-09-13,,,Tipping in restaurants and cafes is not expected but always appreciated.
VN-6,need to know,Vietnam,"Tet (Lunar New Year) 2026 runs February 14-22, with core public holidays February 16-20, 2026 - the period when most Vietnamese business shuts down.",Vietnam Briefing. (n.d.). 2026 Vietnam public holiday schedule: No nine-day April break planned. Dezan Shira & Associates.,https://www.vietnam-briefing.com/news/2026-vietnam-public-holiday-schedule-tet-national-day-holidays.html/,2026-09-13,,,1 day off at the end of the old lunar year and 4 days at the beginning of the new year
VN-7,need to know,Vietnam,"Vietnam's typhoon season runs approximately June 1 through the end of November, per the US Embassy in Hanoi.",U.S. Embassy & Consulate in Vietnam. (n.d.). Typhoon and tropical cyclone seasons in Vietnam. U.S. Department of State.,https://vn.usembassy.gov/typhoon-and-tropical-cyclone-seasons-in-vietnam/,2026-09-13,,,The typhoon season in Vietnam runs from approximately June 1 through the end of November
VN-8,need to know,Vietnam,"Travellers must declare Vietnamese dong above 15,000,000 VND or foreign currency above USD 5,000 when entering or leaving Vietnam (US State Department, retrieved September 13, 2026).",U.S. Department of State. (n.d.). Vietnam international travel information. Travel.State.Gov.,https://travel.state.gov/content/travel/en/international-travel/International-Travel-Country-Information-Pages/Vietnam.html,2026-09-13,,,"You must declare any Vietnamese Dong over 15,000,000 VND or any foreign currency over 5,000 USD."
VN-9,need to know,Vietnam,"Medical care in Vietnam is not free and most local hospitals do not accept US health insurance, so business travellers should carry insurance including medical evacuation (US State Department, retrieved September 13, 2026).",U.S. Department of State. (n.d.). Vietnam international travel information. Travel.State.Gov.,https://travel.state.gov/content/travel/en/international-travel/International-Travel-Country-Information-Pages/Vietnam.html,2026-09-13,,,"Medical care is not free in Vietnam. If you require medical attention, you will incur expenses"
VN-10,need to know,Vietnam,"Renting a moped or motorbike in Vietnam without a Vietnamese driver's licence is illegal and can void travel insurance, per the US travel advisory of June 24, 2026.","U.S. Department of State. (2026, June 24). Vietnam travel advisory. Travel.State.Gov.",https://travel.state.gov/content/travel/en/traveladvisories/traveladvisories/vietnam-travel-advisory.html,2026-09-13,,,Renting a moped or motorbike without a Vietnamese driver's license is illegal
VN-11,at a glance,Vietnam,"The Vietnamese dong traded at roughly 25,900 VND to 1 US dollar on the mid-market rate as of September 13, 2026.","Xe.com. (2026, September 13). USD to VND currency converter. Xe.",https://www.xe.com/currencyconverter/convert/?Amount=1&From=USD&To=VND,2026-09-13,,,"1 USD = 25,917.15 VND"
VN-12,at a glance,Vietnam,"At the 14th Party Congress, To Lam was re-elected General Secretary of the Communist Party of Vietnam on January 23, 2026, winning 180 of 180 Central Committee votes for a five-year term.","Al Jazeera. (2026, January 23). Vietnam's To Lam wins second term, extends top position for 5 more years. Al Jazeera.",https://www.aljazeera.com/news/2026/1/23/vietnams-to-lam-wins-second-term-extends-top-position-for-5-more-years,2026-09-13,,,absolutely unanimously elected Comrade To Lam to continue holding the position of General Secretary
VN-13,at a glance,Vietnam,"Vietnam held National Assembly elections on March 15, 2026; the Communist Party of Vietnam took 482 of 500 seats with independents holding 18, on a reported 99.70% turnout.",Wikipedia contributors. (2026). 2026 Vietnamese legislative election. Wikipedia.,https://en.wikipedia.org/wiki/2026_Vietnamese_legislative_election,2026-09-13,,,Legislative elections were held in Vietnam on 15 March 2026.
VN-14,at a glance,Vietnam,"As of September 2026 Le Minh Hung is Prime Minister of Vietnam, confirmed in Vietnam News reporting dated September 3, 2026.","Viet Nam News. (2026, September 3). Prime Minister demands 'highest determination' to meet 2026 growth target. Viet Nam News.",https://vietnamnews.vn/economy/1798866/prime-minister-demands-highest-determination-to-meet-2026-growth-target.html,2026-09-13,,,Now is the time to accelerate and make breakthroughs with the highest
VN-15,at a glance,Vietnam,"Vietnam scored 41 out of 100 on Transparency International's 2025 Corruption Perceptions Index, ranking 81st of 182 countries - a one-point improvement on 2024.",Transparency International. (2026). Vietnam. Transparency.org.,https://www.transparency.org/en/countries/vietnam,2026-09-13,,,"Vietnam has a score of 41 this year, with a change of 1 since last year, meaning it ranks 81 out of 182 countries."
VN-16,at a glance,Vietnam,"Vietnam's sovereign credit rating from Fitch remained BB+ with a stable outlook, most recently affirmed in June 2025, even after Fitch assigned BBB- to certain senior secured debt instruments in January 2026.","Vietnam Government Portal. (2026, January 23). Fitch Ratings lifts Viet Nam's credit rating to BBB-. Bao Chinh Phu.",https://en.baochinhphu.vn/fitch-ratings-lifts-viet-nams-credit-rating-to-bbb-111260123092954463.htm,2026-09-13,,,"the move does not affect Viet Nam's overall sovereign credit rating, which remains at BB+ with a stable outlook, most recently affirmed in June 2025"
VN-17,at a glance,Vietnam,"Vietnam's population was 101.6 million in 2025, according to the UNFPA World Population Dashboard.",United Nations Population Fund. (2025). World population dashboard: Viet Nam. UNFPA.,https://www.unfpa.org/data/world-population/VN,2026-09-13,,,"101,600,000"
VN-18,at a glance,Vietnam,"Vietnam's GDP per capita reached USD 5,026 in 2025 (up from USD 4,700 in 2024), with nominal GDP of USD 514 billion, per the General Statistics Office on January 5, 2026.","The Investor. (2026, January 5). Vietnam's economic growth hits 8.02% in 2025, GDP per capita $5,026. The Investor - VAFIE.",https://theinvestor.vn/vietnams-economic-growth-hits-802-in-2025-gdp-per-capita-5026-d18035.html,2026-09-13,,,"GDP per capita $5,026"
VN-19,at a glance,Vietnam,"The World Bank reclassified Vietnam as an upper-middle-income economy effective July 1, 2026, after Atlas GNI per capita rose to USD 4,970, above the USD 4,636 threshold.",Vietnam Briefing. (2026). World Bank reclassifies Vietnam as an upper-middle-income economy. Dezan Shira & Associates.,https://www.vietnam-briefing.com/news/vietnam-reaches-upper-middle-income-status-under-world-bank-classification.html/,2026-09-13,,,"Vietnam's Atlas GNI per capita increased to US$4,970, up from US$4,490 in 2024"
VN-20,at a glance,Vietnam,"Coface cites data transparency, corruption perception, a heavy bureaucracy and a fragile banking system among Vietnam's business-climate weaknesses.","Coface. (n.d.). Vietnam: Country file, economic risk analysis. Coface.",https://www.coface.com/news-economy-and-insights/business-risk-dashboard/country-risk-files/vietnam-socialist-republic-of,2026-09-13,,,"Shortcomings in the business climate on back of concerns surrounding data transparency, corruption perception and a persistently heavy bureaucracy"
VN-21,dangers government,Vietnam,"Vietnam cut its provinces from 63 to 34 (six centrally run cities and 28 provinces) effective June 12, 2025, with the new local governments starting operations July 1, 2025, under Resolution No. 202/2025/QH15.",Vietnam Briefing. (2025). Vietnam officially consolidates from 63 to 34 provinces and cities. Dezan Shira & Associates.,https://www.vietnam-briefing.com/news/vietnams-government-introduces-official-plan-for-provincial-mergers.html/,2026-09-13,,,"Vietnam's provincial-level administrative units will be reduced from 63 to 34 as of 12 June, comprising six centrally run cities and 28 provinces"
VN-22,dangers government,Vietnam,"On February 12, 2025 Vietnam's National Assembly approved cutting ministries and agencies from 30 to 22, with roughly 100,000 public employees to be made redundant or offered early retirement.","Voice of America. (2025, February 12). Vietnam parliament approves radical government cost-cutting drive. VOA News.",https://www.voanews.com/a/vietnam-parliament-approves-radical-govt-cost-cutting-drive-/7978965.html,2026-09-13,,,"100,000 people will be made redundant or offered early retirement"
VN-23,dangers government,Vietnam,"In 2025 Vietnam's Politburo, Secretariat and Central Inspection Commission disciplined 23 centrally managed officials, six of whom faced criminal prosecution; locally, 98 top or deputy leaders were disciplined and 46 charged (reported December 26, 2025).","VietNamNet. (2025, December 26). 23 senior officials disciplined in Vietnam in 2025, 6 face criminal charges. VietNamNet Global.",https://vietnamnet.vn/en/23-senior-officials-disciplined-in-vietnam-in-2025-6-face-criminal-charges-2476120.html,2026-09-13,,,"disciplined 23 officials under Central management, including 6 individuals facing criminal prosecution"
VN-24,dangers government,Vietnam,"Vietnam's anti-corruption campaign produced extraordinary churn at the top: President Vo Van Thuong resigned in March 2024 over 'violations and shortcomings', and four Politburo members - including the two previous presidents - stepped down during the campaign.","Hutt, D. (2024, March). Vietnam's parliament accepts president's resignation, successor remains unclear. The Diplomat.",https://thediplomat.com/2024/03/vietnams-parliament-accepts-presidents-resignation-successor-remains-unclear/,2026-09-13,,,"Phuc and Truong, the past two presidents, are among the four members of the CPV Politburo...who have stepped down since the beginning of the campaign"
VN-25,dangers government,Vietnam,"Under Decree 53/2022/ND-CP, foreign digital service providers can be ordered by Vietnam's Ministry of Public Security to localise user data, with 12 months from the formal request to comply and a minimum 24-month retention period.",International Trade Administration. (n.d.). Vietnam cybersecurity data localization requirements. U.S. Department of Commerce.,https://www.trade.gov/market-intelligence/vietnam-cybersecurity-data-localization-requirements,2026-09-13,,,12 months from the date of the Minister of Public Security's formal request
VN-26,dangers government,Vietnam,"Vietnam's Personal Data Protection Law (Law No. 91/2025/QH15) was passed June 26, 2025 and took effect January 1, 2026, with fines for cross-border transfer violations of up to 5% of prior-year revenue.",Tilleke & Gibbins. (2025). Vietnam's new Personal Data Protection Law: A closer look. Tilleke & Gibbins.,https://www.tilleke.com/insights/vietnams-new-personal-data-protection-law-a-closer-look/,2026-09-13,,,5% of the violator's revenue in the preceding fiscal year
VN-27,dangers government,Vietnam,"Vietnam's first Law on Data (No. 60/2024/QH15) was approved November 30, 2024 with 94.15% support and took effect July 1, 2025, creating a National Data Center under the Ministry of Public Security.","Vietnam Briefing. (2024, December). Vietnam National Assembly approves Law on Data. Dezan Shira & Associates.",https://www.vietnam-briefing.com/news/vietnam-national-assembly-approves-law-on-data.html/,2026-09-13,,,General and principled regulations on the construction and development of the National Data Center
VN-28,dangers government,Vietnam,"Vietnam's updated cybersecurity law took effect July 1, 2026, requiring platforms to remove infringing content within 24 hours - or six hours in urgent cases - and to store user data such as IP addresses and account names locally.",Tech Policy Press. (2026). Vietnam tightens online speech controls as cyber law takes effect. Tech Policy Press.,https://www.techpolicy.press/vietnam-tightens-online-speech-controls-as-cyber-law-takes-effect/,2026-09-13,,,"The law now gives platforms 24 hours to remove infringing content, but in 'urgent cases,' that's shortened further to six hours."
VN-29,dangers government,Vietnam,"Vietnam's amended Law on Investment, approved December 11, 2025 and mostly effective March 1, 2026, cut 38 conditional business lines and lets foreign investors establish a company before obtaining an Investment Registration Certificate.",Vietnam Briefing. (2026). Understanding Vietnam's amended Investment Law: Key changes for businesses. Dezan Shira & Associates.,https://www.vietnam-briefing.com/news/understanding-vietnams-amended-investment-law-key-changes-for-businesses.html/,2026-09-13,,,establish an enterprise before obtaining an Investment Registration Certificate
VN-30,dangers society,Vietnam,"Hanoi ranked as the 10th most polluted major city in the world on January 15, 2026, with an AQI above 170, and averaged PM2.5 of 45 ug/m3 over 2024.","IQAir. (2026, January 16). Hanoi among top 10 most polluted cities in the world. IQAir Newsroom.",https://www.iqair.com/newsroom/hanoi-among-top-10-most-polluted-cities-in-the-world-1-16-2026,2026-09-13,,,"Hanoi, Vietnam, ranked as the 10th most polluted major city as of January 15, 2026"
VN-31,dangers society,Vietnam,"Vietnam ranked 18th among the world's most polluted countries in IQAir's 2025 World Air Quality Report, with an average PM2.5 concentration of 29.7 ug/m3.",IQAir. (2026). World's most polluted countries and regions. IQAir.,https://www.iqair.com/world-most-polluted-countries,2026-09-13,,,29.7
VN-32,dangers society,Vietnam,"In PISA 2022 Vietnam scored 469 in mathematics, 462 in reading and 472 in science, ranking 31st, 34th and 37th respectively - above many peers but down sharply from 2018.","Viet Nam News. (2023, December). PISA 2022: Vietnamese students experience a decline in performance rankings. Viet Nam News.",https://vietnamnews.vn/society/1637663/pisa-2022-vietnamese-students-experience-a-decline-in-performance-rankings.html,2026-09-13,,,Vietnamese students have witnessed a decline in their average mathematics score by 27 points
VN-33,dangers society,Vietnam,"Vietnam's labour force aged 15+ reached 52.9 million in Q1 2025, growing by about 500,000 people a year, but only 28.8% of workers held a diploma or certificate.","Vietnam News Agency. (2025, April 12). Vietnam's labour force grows by half a million annually: Report. VietnamPlus.",https://en.vietnamplus.vn/vietnams-labour-force-grows-by-half-a-million-annually-report-post313243.vnp,2026-09-13,,,"some 500,000 people joining the labour force every year"
VN-34,dangers society,Vietnam,"The World Bank warns Vietnam is ageing unusually fast: it became an aging society in 2015 and will be an aged society by 2035, risking 'getting old before getting rich'.","World Bank. (2021, September 24). Vietnam: Adapting to an aging society. World Bank.",https://www.worldbank.org/en/country/vietnam/publication/vietnam-adapting-to-an-aging-society,2026-09-13,,,"In 2015, Vietnam became an aging society. By 2035, it will be an aged society."
VN-35,dangers security,Vietnam,"Vietnam recorded 15,251 traffic accidents with 8,515 deaths and 10,204 injuries in the first 10 months of 2025, a 7.2% fall in fatalities year on year.","Xinhua. (2025, November 7). Over 8,500 people killed in traffic accidents in Vietnam in 10 months. Xinhua News Agency.",https://english.news.cn/asiapacific/20251107/44a6cb5eea234e539f78723aeae525e7/c.html,2026-09-13,,,"Vietnam recorded 15,251 traffic accidents in the first 10 months of this year, resulting in 8,515 deaths and 10,204 injuries."
VN-36,dangers security,Vietnam,"Typhoon Yagi in September 2024 killed 318 people in Vietnam and caused roughly VND 81 trillion (about USD 3.3 billion) in economic damage, per the Ministry of Planning and Investment.","Viet Nam News. (2024, September 30). Typhoon Yagi killed 318 people, damage reaches $3.3 billion. Viet Nam News.",https://vietnamnews.vn/society/1663938/typhoon-yagi-killed-318-people-damage-reaches-3-3-billion.html,2026-09-13,,,The total estimated economic damage caused by Typhoon Yagi and its residual effects is roughly VND81 trillion (approximately US$3.3 billion)
VN-37,dangers security,Vietnam,"Typhoon Kajiki made landfall in Nghe An and Ha Tinh on August 25-26, 2025, killing seven people and knocking out power to nearly 1.6 million customers.","Vietnam Briefing. (2025, August). Aftermath of Typhoon Kajiki: Damage reports and safety updates. Dezan Shira & Associates.",https://www.vietnam-briefing.com/news/aftermath-of-typhoon-kajiki-damage-reports-and-safety-updates.html/,2026-09-13,,,resulting in power outages affecting nearly 1.6 million customers
VN-38,dangers security,Vietnam,"2025 was a record flood year: Bach Ma Peak recorded 1,739.6mm of rain in 24 hours on October 26-27, the highest single-day rainfall in Vietnam's history, and south-central floods in November killed 158 people.",VnExpress International. (2025). A year under water: Record floods sweep Vietnam from megacities to tourist hubs in 2025. VnExpress.,https://e.vnexpress.net/news/news/environment/a-year-under-water-record-floods-sweep-vietnam-from-megacities-to-tourist-hubs-in-2025-4998103.html,2026-09-13,,,the highest single-day rainfall ever recorded in Vietnam's history
VN-39,dangers security,Vietnam,"Ho Chi Minh City set repeated rainfall and tidal records in 2025, including nearly 230mm in 90 minutes on May 10 - the heaviest single downpour in eight years - and a 1.78m tidal peak on November 6.",VnExpress International. (2025). A year under water: Record floods sweep Vietnam from megacities to tourist hubs in 2025. VnExpress.,https://e.vnexpress.net/news/news/environment/a-year-under-water-record-floods-sweep-vietnam-from-megacities-to-tourist-hubs-in-2025-4998103.html,2026-09-13,,,the heaviest unseasonal rainfall in two decades
VN-40,dangers security,Vietnam,"Vietnam's hottest temperature on record is 44.2C (111.6F), measured on May 7, 2023 in Tuong Duong district in the north.","Gizmodo. (2023, May). Vietnam records its hottest-ever temperature. Gizmodo.",https://gizmodo.com/vietnam-hottest-record-temperature-2023-1850414201,2026-09-13,,,reaching about 44.2 C (111.6 F) in the northern district of Tuong Duong
VN-41,dangers security,Vietnam,Drive-by bag snatching and metered taxi scams are the main travel risks in Vietnamese cities; World Nomads advises using only established taxi firms such as Mai Linh and Vinasun.,World Nomads. (n.d.). Crime in Vietnam: How to spot travel scams and rip-offs. World Nomads.,https://www.worldnomads.com/travel-safety/southeast-asia/vietnam/vietnam-crime-and-scams,2026-09-13,,,"Don't leave your bag dangling from your body, as the infamous 'Saigon Cowboys' love the drive-by snatch."
VN-42,dangers security,Vietnam,Vietnam's drug laws are enforced against foreigners on the basis of blood tests: police can arrest and charge a visitor even if the drugs were taken abroad before arrival (US State Department).,U.S. Department of State. (n.d.). Vietnam international travel information. Travel.State.Gov.,https://travel.state.gov/content/travel/en/international-travel/International-Travel-Country-Information-Pages/Vietnam.html,2026-09-13,,,"If drugs show up in your blood test, police can arrest and charge you, even if you took the drugs in another country before you arrived in Vietnam."
VN-43,dangers economy,Vietnam,"On July 2, 2025 the US announced a 20% tariff on most Vietnamese exports and a 40% levy on goods transshipped through Vietnam from third countries.","Vietnam Briefing. (2025). Vietnam-US trade deal 2025: Summary, impacts and strategic responses. Dezan Shira & Associates.",https://www.vietnam-briefing.com/news/vietnam-us-trade-deal-2025-summary-impacts-and-strategic-responses.html/,2026-09-13,,,the US will impose a 20 percent tariff on most Vietnamese exports and a 40 percent levy on goods transshipped through Vietnam from third countries.
VN-44,dangers economy,Vietnam,"Under the October 2025 US-Vietnam trade framework, the US said it will maintain the 20% reciprocal tariff on Vietnamese imports while Vietnam removes tariffs on almost all US goods.","Office of the United States Trade Representative. (2025, October). Fact sheet: The United States and Viet Nam reach a framework for an agreement on reciprocal, fair, and balanced trade. USTR.",https://ustr.gov/about/policy-offices/press-office/fact-sheets/2025/october/fact-sheet-united-states-and-viet-nam-reach-framework-agreement-reciprocal-fair-and-balanced-trade,2026-09-13,,,will maintain the 20 percent reciprocal tariff rate for imports of Vietnam
VN-45,dangers economy,Vietnam,"The United States was Vietnam's largest export market in 2025 at USD 153.2 billion, producing a bilateral trade surplus of nearly USD 134 billion; overall Vietnam ran a USD 20 billion global trade surplus.",Viet Nam News. (2026). Viet Nam runs trade surplus of over $20 billion in 2025. Viet Nam News.,https://vietnamnews.vn/economy/1753208/viet-nam-runs-trade-surplus-of-over-20-billion-in-2025.html,2026-09-13,,,"Processed industrial products led exports with $421.5 billion, or 88.7 per cent."
VN-46,dangers economy,Vietnam,"Vietnam's manufacturing depends heavily on Chinese inputs: imports from China were 40.2% of Vietnam's total imports in the first seven months of 2025, up from 37.31% a year earlier.","Ministry of Industry and Trade of Viet Nam. (2025, October 14). Vietnam's export situation in the first seven months of 2025: China remains the largest trading partner. Vietnam National Trade Repository.",https://vntr.moit.gov.vn/news/vietnams-export-situation-in-the-first-seven-months-of-2025-china-remains-the-largest-trading-partner,2026-09-13,,,40.2% of the country's total imports
VN-47,dangers economy,Vietnam,"FTSE Russell confirmed Vietnam's reclassification from Frontier to Secondary Emerging market status, effective from the open on Monday September 21, 2026.","LSEG. (2026, April 7). FTSE Russell announces results of March 2026 semi-annual country classification review. London Stock Exchange Group.",https://www.lseg.com/en/media-centre/press-releases/ftse-russell/2026/ftse-russell-announces-results-march-2026-semi-annual-country-classification-review-equities-fixed-income,2026-09-13,,,"reclassification of Vietnam from Frontier to Secondary Emerging market status, effective from the open on Monday 21 September 2026"
VN-48,dangers economy,Vietnam,Vietnam's economy grew 8.02% in 2025 with average CPI inflation of 3.31%; the government has set a 2026 growth target of 10%.,"The Investor. (2026, January 5). Vietnam's economic growth hits 8.02% in 2025, GDP per capita $5,026. The Investor - VAFIE.",https://theinvestor.vn/vietnams-economic-growth-hits-802-in-2025-gdp-per-capita-5026-d18035.html,2026-09-13,,,"8.02% for 2025, the second-fastest pace in 15 years"
VN-49,dangers economy,Vietnam,"Inflation has accelerated in 2026: Vietnam's CPI rose 4.89% year on year in August 2026 and averaged 4.45% over the first eight months, driven by a 4.09% monthly jump in transport prices.","Vietnam News Agency. (2026, September 3). CPI rises again in August after two consecutive monthly declines. VietnamPlus.",https://en.vietnamplus.vn/cpi-rises-again-in-august-after-two-consecutive-monthly-declines-post351196.vnp,2026-09-13,,,4.89% higher than a year earlier
VN-50,dangers economy,Vietnam,"Vietnam's 2023 power crisis, which forced blackouts on electronics plants in Bac Ninh and Bac Giang, cost an estimated USD 1.4 billion, equal to 0.3% of GDP.",Vietnam Briefing. (n.d.). Vietnam's power shortage: Impacts and government response. Dezan Shira & Associates.,https://www.vietnam-briefing.com/news/vietnams-power-shortage-impact-on-manufacturing-government-response.html/,2026-09-13,,,"the 2023 power crisis caused losses of US$1.4 billion, equal to 0.3 percent of Vietnam's GDP"
VN-51,dangers economy,Vietnam,"The dong weakened through 2025: the official rate rose about 3.5% year-to-date while the street rate climbed nearly 7% by December 2025, with the free-market rate at VND 27,120-27,180 per USD on December 12, 2025.","The Investor. (2025, December). Forex, interest rate projections for Vietnam in 2026. The Investor - VAFIE.",https://theinvestor.vn/forex-interest-rate-projections-for-vietnam-in-2026-d17841.html,2026-09-13,,,"the official VND rate rose approximately 3.5% year-to-date, while the street rate climbed nearly 7%"
VN-52,dangers economy,Vietnam,"In the Van Thinh Phat/SCB case - Vietnam's largest fraud, worth USD 12.5 billion or about 3% of 2022 GDP - tycoon Truong My Lan was sentenced to death on April 11, 2024, with 84 co-defendants also convicted.","Al Jazeera. (2024, April 11). Vietnam tycoon Truong My Lan sentenced to death in $12.5bn fraud case. Al Jazeera.",https://www.aljazeera.com/news/2024/4/11/vietnam-tycoon-truong-my-lan-sentenced-to-death-in-12-5bn-fraud-case,2026-09-13,,,The largest case of fraud in Vietnam's history has been uncovered as part of a major state anticorruption drive.
VN-53,dangers economy,Vietnam,More than VND 200 trillion (USD 7.68 billion) of Vietnamese corporate bonds mature in 2026 - about 14% of outstanding stock - with real estate issuers accounting for more than half.,Viet Nam News. (2026). Real estate bonds dominate 2026 repayment pressure. Viet Nam News.,https://vietnamnews.vn/economy/1766573/real-estate-bonds-dominate-2026-repayment-pressure.html,2026-09-13,,,More than VNĐ200 trillion (US$7.68 billion) worth of corporate bonds...will mature in 2026.
VN-54,dangers economy,Vietnam,The World Bank's January 2026 Global Economic Prospects put Vietnam's 2026 growth at 6.3% - the highest in East Asia and Pacific - while flagging high exposure to US trade shocks and rules-of-origin uncertainty.,"The Investor. (2026, January 14). WB projects Vietnam's GDP growth at 6.3% in 2026, best in East Asia & Pacific. The Investor - VAFIE.",https://theinvestor.vn/wb-projects-vietnams-gdp-growth-at-63-in-2026-best-in-east-asia-pacific-d18113.html,2026-09-13,,,"remains highly vulnerable to external trade shocks, particularly given its high exposure to the U.S. market."
VN-55,money matters,Vietnam,"Vietnam registered more than USD 38.4 billion of FDI in 2025 (up 0.5%) and disbursed USD 27.6 billion (up 9%), the highest disbursement in five years, per the National Statistics Office on January 6, 2026.","Viet Nam News. (2026, January 6). FDI inflows into Viet Nam exceed $38 billion in 2025. Viet Nam News.",https://vietnamnews.vn/economy/1743208/fdi-inflows-into-viet-nam-exceed-38-billion-in-2025.html,2026-09-13,,,"Disbursed FDI was estimated at $27.6 billion, up 9 per cent from a year earlier and the highest level recorded in the past five years."
VN-56,money matters,Vietnam,"In the first eight months of 2026 Vietnam attracted USD 40.63 billion in registered FDI (up 55.4% year on year) and disbursed USD 17.25 billion (up 12%), with Singapore and South Korea the top sources.","Vietnam News Agency. (2026, September 3). Vietnam attracts 40.63 billion USD in FDI in eight months. VietnamPlus.",https://en.vietnamplus.vn/vietnam-attracts-4063-billion-usd-in-fdi-in-eight-months-post351170.vnp,2026-09-13,,,the highest eight-month figure recorded over the last five years
VN-57,money matters,Vietnam,"Under the Law on Investment 2020 Vietnam bars foreign investors from 25 business lines and restricts 58 on a Negative List; caps of 49% apply in areas such as maritime and inland waterway transport, while 100% ownership is allowed in sectors including manufacturing-adjacent services, consultancy, hotels and IT.",Acclime Vietnam. (n.d.). Restricted business sectors for foreign investors in Vietnam. Acclime.,https://vietnam.acclime.com/guides/restricted-foreign-business-sectors-vietnam/,2026-09-13,,,Foreign investment: ≤49%
VN-58,money matters,Vietnam,"Vietnam's standard corporate income tax rate is 20%, with incentives of 10% for 15 years for high-tech and large manufacturing projects, plus a four-year tax exemption and nine years at 50% reduction; industrial parks lost CIT incentives for projects licensed after October 1, 2025.",Vietnam Briefing. (n.d.). Tax incentives for foreign enterprises in Vietnam. Dezan Shira & Associates.,https://www.vietnam-briefing.com/doing-business-guide/vietnam/taxation-and-accounting/tax-incentives-for-businesses,2026-09-13,,,Four-year exemption + nine-year 50% reduction
VN-59,money matters,Vietnam,"Vietnam adopted the OECD global minimum tax of 15% via Resolution 107/2023/QH15 (dated November 29, 2023), effective January 1, 2024, for multinationals with revenue over EUR 750 million in two of the last four years.",Vietnam Briefing. (n.d.). Global minimum tax (GMT) in Vietnam. Dezan Shira & Associates.,https://www.vietnam-briefing.com/doing-business-guide/vietnam/taxation-and-accounting/gmt-global-minimum-tax-vietnam,2026-09-13,,,allows Vietnam to impose its own top-up tax on domestic subsidiaries of foreign MNEs if their effective tax rate is below 15 percent
VN-60,money matters,Vietnam,"Foreign investors may remit profits out of Vietnam annually at fiscal year end or on termination, after audited financial statements and tax finalisation, with notification to the tax authority at least seven working days before remittance; companies with accumulated losses cannot remit.",Vietnam Briefing. (2026). Profit repatriation in Vietnam: A brief guide in 2026. Dezan Shira & Associates.,https://www.vietnam-briefing.com/news/profit-repatriation-vietnam-brief-guide-2026.html,2026-09-13,,,notifications be lodged at least seven working days prior to the scheduled remittance of profits
VN-61,money matters,Vietnam,"Vietnam grants land use rights rather than land ownership; under the Land Law 2024 (effective January 1, 2025) foreign-invested enterprises access land through state allocation, lease, or transfer of land use rights in industrial parks, economic zones and high-tech zones.","Freshfields. (2024, March). Vietnam Land Law 2024 - Key changes from M&A/foreign investment perspectives. Freshfields.",https://www.freshfields.com/en/our-thinking/briefings/2024/03/vietnam-land-law-2024--key-changes-from-maforeign-investment-perspectives,2026-09-13,,,"may acquire land in industrial parks, economic zones and high-tech zones by way of a land use right transfer"
VN-62,money matters,Vietnam,"Vietnam ranked 43rd of 139 economies in the World Bank's 2023 Logistics Performance Index with an overall score of 3.3, including 38th for international shipments.",World Bank. (2023). Logistics Performance Index: Global rankings 2023. World Bank.,https://lpi.worldbank.org/international/global,2026-09-13,,,Overall LPI Rank: 43rd out of 139 countries
VN-63,money matters,Vietnam,"Coface counts Vietnam as highly integrated into global trade with 18 multilateral and bilateral free trade agreements, while flagging dependence on Chinese supply chains, notably for electronics.","Coface. (n.d.). Vietnam: Country file, economic risk analysis. Coface.",https://www.coface.com/news-economy-and-insights/business-risk-dashboard/country-risk-files/vietnam-socialist-republic-of,2026-09-13,,,Highly integrated into global trade (18 multilateral and bilateral FTAs)
VN-64,money matters,Vietnam,"Vietnam's major trade agreements in force include CPTPP (2019), EVFTA with the EU (2020), RCEP (2022) and a UK-Vietnam CEPA (2025).",Vietnam Briefing. (n.d.). Vietnam's international free trade and tax agreements. Dezan Shira & Associates.,https://www.vietnam-briefing.com/doing-business-guide/vietnam/why-vietnam/vietnam-s-international-free-trade-and-tax-agreements,2026-09-13,,,Vietnam is a signatory to 18 active and planned bilateral and multilateral Free Trade Agreements
VN-65,money matters,Vietnam,"The US and Vietnam elevated ties to a Comprehensive Strategic Partnership on September 10, 2023 in Hanoi, covering ten areas from trade and semiconductors to defence, war legacies and human rights.","The American Presidency Project. (2023, September 10). Joint statement - Elevating United States-Vietnam relations to a Comprehensive Strategic Partnership. UC Santa Barbara.",https://www.presidency.ucsb.edu/documents/joint-statement-elevating-united-states-vietnam-relations-comprehensive-strategic,2026-09-13,,,"met and held talks in Hanoi, Vietnam"
VN-66,political weather,Vietnam,"Officials have delayed decisions and public spending to avoid corruption exposure: in one Ho Chi Minh City reporting period around 100 public projects received no planned funding, alongside medical equipment shortages and stalled infrastructure.",Asia Society. (n.d.). The unintended consequence of Vietnam's anti-corruption drive. Asia Society Magazine.,https://asiasociety.org/magazine/article/unintended-consequence-vietnams-anti-corruption-drive,2026-09-13,,,100 public projects in Ho Chi Minh City to receive no planned funding
VN-67,political weather,Vietnam,"Vietnam's rare episodes of mass unrest include May 2014, when at least 20 people died in riots at foreign-owned factories after China moved an oil rig into disputed South China Sea waters.","Al Jazeera. (2014, May 15). Anti-China riots turn deadly in Vietnam. Al Jazeera.",https://www.aljazeera.com/news/2014/5/15/anti-china-riots-turn-deadly-in-vietnam,2026-09-13,,,the latest unrest since China deployed an oil rig into a disputed territory in the South China Sea
VN-68,political weather,Vietnam,"In June 2018, protests spread across Vietnam against a draft Special Zone Act offering 99-year land leases and against the Cybersecurity Law; roughly 200 people were arrested and some received 2-3.5 year sentences.",Wikipedia contributors. (n.d.). 2018 Vietnam protests. Wikipedia.,https://en.wikipedia.org/wiki/2018_Vietnam_protests,2026-09-13,,,some 180 people
VN-69,political weather,Vietnam,"Samsung remains Vietnam's single most politically significant investor: its Vietnam operations exported USD 39 billion in the first seven months of 2026, about 12.2% of national exports, employing some 85,000 people across six plants with about USD 24 billion invested.",The Investor. (2026). Samsung Vietnam's exports reach $39 bln in 7 months as new Galaxy Z phones gain traction. The Investor - VAFIE.,https://theinvestor.vn/samsung-vietnams-exports-reach-39-bln-in-7-months-as-new-galaxy-z-phones-gain-traction-d19854.html,2026-09-13,,,Vietnam continues to hold a strategically important position in Samsung's global growth strategy
VN-70,political weather,Vietnam,"Electronics dominate Vietnam's export exposure: computers, electronic products and components hit USD 107.75 billion in 2025, up 48.4% and about 23% of total exports, with USD 42.09 billion going to the United States.","Vietnam News Agency. (2026, January 22). Electronics exports surpass 107 billion USD in 2025. VietnamPlus.",https://en.vietnamplus.vn/electronics-exports-surpass-107-billion-usd-in-2025-post336461.vnp,2026-09-13,,,"Computers, electronic products and components not only maintained their position as Vietnam's largest export by value"
VN-71,political weather,Vietnam,"Vietnam's revised Power Development Plan 8, approved April 15, 2025 by Decision No. 768/QD-TTg, targets non-hydro renewables at roughly 28-36% of the energy mix by 2030, including 6,000 MW of offshore wind.",Vietnam Briefing. (2025). Vietnam revises PDP8: Targets of the national power development plan. Dezan Shira & Associates.,https://www.vietnam-briefing.com/news/vietnam-revises-pdp8-key-targets-of-the-national-power-development-plan.html/,2026-09-13,,,approximately 28 percent to 36 percent
VN-72,political weather,Vietnam,"Xi Jinping visited Vietnam April 14-15, 2025, signing cooperation documents spanning road and railway connectivity, customs, agriculture, defence and technology, and both sides pledged to maintain stability at sea and pursue a South China Sea Code of Conduct.","Viet Nam News. (2025, April). Viet Nam, China issue joint statement following Chinese leader Xi Jinping's visit. Viet Nam News.",https://vietnamnews.vn/politics-laws/1715907/viet-nam-china-issue-joint-statement-following-chinese-leader-xi-jinping-s-visit.html,2026-09-13,,,work together to maintain stability at sea
VN-73,political weather,Vietnam,"Vietnam's National Assembly approved a USD 67 billion (VND 1,700 trillion), 1,541km North-South high-speed railway on November 30, 2024 by 443 votes to 11, with construction due to start in 2027 and finish by 2035.","The Investor. (2024, November 30). Vietnam parliament greenlights $67 bln North-South high-speed railway project. The Investor - VAFIE.",https://theinvestor.vn/vietnam-parliament-greenlights-67-bln-north-south-high-speed-railway-project-d13586.html,2026-09-13,,,"the route is estimated to cost VND1,700 trillion ($67 billion), using public investment capital"
VN-74,political weather,Vietnam,"NVIDIA announced on December 5, 2024 that it would open its first AI research and development centre in Vietnam in partnership with the Vietnamese government.","NVIDIA. (2024, December 5). NVIDIA to open Vietnam R&D center to bolster AI development. NVIDIA Investor Relations.",https://investor.nvidia.com/news/press-release-details/2024/NVIDIA-to-Open-Vietnam-RD-Center-to-Bolster-AI-Development/default.aspx,2026-09-13,,,We are delighted to open NVIDIA's R&D center to accelerate Vietnam's AI journey.
VN-75,political weather,Vietnam,"At the 14th Party Congress on January 20, 2026, To Lam told about 1,600 delegates that all wrongdoing must be dealt with, while the Party set an annual growth target of no less than 10% through 2030.","Al Jazeera. (2026, January 20). Vietnam's To Lam vows to fight corruption, pledges 10% economic growth. Al Jazeera.",https://www.aljazeera.com/news/2026/1/20/vietnams-to-lam-vows-to-fight-corruption-pledges-10-economic-growth,2026-09-13,,,all wrongdoings must be dealt with
VN-76,etiquette,Vietnam,"Exchange business cards with both hands, take time to read the card you receive, and give yours to the most senior person first - seniority and hierarchy matter in Vietnamese meetings.",Vietnam Briefing. (n.d.). Business etiquette in Vietnam - Customs and tips. Dezan Shira & Associates.,https://www.vietnam-briefing.com/news/business-etiquette-vietnam-customs-and-tips.html/,2026-09-13,,,"When giving or receiving business cards, do so with both hands. Time should be taken to read the name on the card"
VN-77,etiquette,Vietnam,Public disagreement causes loss of face in Vietnam; raise problems privately and carefully rather than challenging someone in a meeting.,Vietnam Briefing. (n.d.). Business etiquette in Vietnam - Customs and tips. Dezan Shira & Associates.,https://www.vietnam-briefing.com/news/business-etiquette-vietnam-customs-and-tips.html/,2026-09-13,,,Direct disagreement or raising of questions in public can be seen as a person to 'lose face' in Vietnam
VN-78,etiquette,Vietnam,"Dress modestly for business in Vietnam - suits for men, skirts and blouses for women - avoiding bright colours.",Vietnam Briefing. (n.d.). Business etiquette in Vietnam - Customs and tips. Dezan Shira & Associates.,https://www.vietnam-briefing.com/news/business-etiquette-vietnam-customs-and-tips.html/,2026-09-13,,,"Business partners should dress modestly, avoiding bright colors."
VN-79,etiquette,Vietnam,"Be punctual and apologise if late; meetings are entered by rank, highest first, and losing your temper will cost you the relationship.",SBS Cultural Atlas. (n.d.). Vietnamese - Business culture. SBS.,https://culturalatlas.sbs.com.au/vietnamese-culture/vietnamese-culture-business-culture,2026-09-13,,,"If you display anger or lose your temper, you will lose their trust in doing business with you."
VN-80,etiquette,Vietnam,"Start Vietnamese business conversations with small talk about family and personal matters, and avoid politics and war-related topics; decisions move slowly through consensus.",Facts and Details. (n.d.). Business customs and etiquette in Vietnam. Facts and Details.,https://factsanddetails.com/southeast-asia/Vietnam/sub5_9g/entry-3468.html,2026-09-13,,,Business gift giving is fairly common at the end of a meeting or during a meal in honour of your business associates
VN-81,etiquette,Vietnam,"Present gifts with both hands, palms up; avoid clocks (the word sounds like the word for death), knives or scissors, and black or white wrapping.","Vietnam Tourism. (n.d.). Gift giving in Vietnam: What to bring, what to avoid and how to hand it over. VietnamTourism.com.",https://www.vietnamtourism.com/en/gift-giving-in-vietnam-what-to-bring-what-to-avoid-and-how-to-hand-it-over,2026-09-13,,,"Present the gift with both hands, palms facing upward."
VN-82,itinerary,Vietnam,"VNG Corporation, founded September 9, 2004 as VinaGame, became Vietnam's first unicorn when it was valued at USD 1 billion in 2014; its messaging app Zalo launched in 2012 and ZaloPay in 2016.",Wikipedia contributors. (n.d.). VNG Corporation. Wikipedia.,https://en.wikipedia.org/wiki/VNG_Corporation,2026-09-13,,,VNG was evaluated at 1 billion US dollars by World Startup Report and become the first and only unicorn startup in Vietnam.
VN-83,itinerary,Vietnam,"Vietcetera is a bilingual digital media company founded in 2016 by two returning Vietnamese entrepreneurs, producing editorial, video and podcast content plus brand studio services.",Vietcetera. (n.d.). About. Vietcetera.,https://vietcetera.com/en/about,2026-09-13,,,"to bring the world to Vietnam, and Vietnam to the world through content that's authentic, locally grounded, and globally relevant."
VN-84,itinerary,Vietnam,"Marou is a bean-to-bar single-origin chocolate maker founded in February 2011 in Ho Chi Minh City by Sam Maruta and Vincent Mourou, sourcing cacao from Vietnamese provinces and exporting mainly to Europe.",Knowledge at Wharton. (n.d.). From bean to bar: Expatriates in Vietnam taste sweet success. University of Pennsylvania.,https://knowledge.wharton.upenn.edu/article/from-bean-to-bar-expatriates-in-vietnam-taste-sweet-success/,2026-09-13,,,the factory in Thu Duc churns out 100 kilograms of chocolate a day
VN-85,itinerary,Vietnam,"Google established Google Vietnam Company Limited in Ho Chi Minh City, taking over as the Google Ads contracting party from March 1, 2025 with full operations from April 1, 2025, invoicing in dong with 10% VAT.","The Investor. (2024, December). Google sets up Vietnam entity in HCMC, to operate from April 2025. The Investor - VAFIE.",https://theinvestor.vn/google-sets-up-vietnam-entity-in-hcmc-to-operate-from-april-2025-d13669.html,2026-09-13,,,"Starting March 1, Ho Chi Minh City-based Google Vietnam will become the partner for Google Ads customers in Vietnam"
VN-86,itinerary,Vietnam,"Vietnam was Crocs' biggest production hub with a 53% global share of its sandal output in 2022, down from 56% in 2021 and 75% in 2020, per the brand's annual report.","The Investor. (2023, March 17). 53% of Crocs sandals are made in Vietnam. The Investor - VAFIE.",https://theinvestor.vn/53-of-crocs-sandals-are-made-in-vietnam-d4124.html,2026-09-13,,,Vietnam remained the biggest production hub for Crocs sandals with a 53% global market share in 2022
VN-87,itinerary,Vietnam,"The Mekong River Delta produces more than 50% of Vietnam's rice and 90% of its agricultural export volume, but saline intrusion in 2015-16 pushed saltwater more than 90km inland and damaged 244,805 hectares of rice.","Nguyen, T. et al. (2023). Effect of saline intrusion on rice production in the Mekong River Delta. Heliyon (PMC10520798).",https://pmc.ncbi.nlm.nih.gov/articles/PMC10520798/,2026-09-13,,,more than 50% of the country's rice production and 90% of total volume for agriculture export
VN-88,what changed,Vietnam,"General Secretary and President To Lam made a state visit to Russia on September 7-9, 2026, meeting Vladimir Putin and issuing a joint statement on strengthening the Vietnam-Russia Comprehensive Strategic Partnership before flying on to France.","Vietnam News Agency. (2026, September 9). General Secretary and President To Lam concludes state visit to Russia. VietnamPlus.",https://en.vietnamplus.vn/general-secretary-and-president-to-lam-concludes-state-visit-to-russia-post351559.vnp,2026-09-13,,,"science – technology, innovation and digital transformation should become a new driver of the Comprehensive Strategic Partnership"
VN-89,what changed,Vietnam,"As of September 3, 2026 Vietnam reported Jan-Aug trade of USD 770.1 billion (up 28.7%), exports of USD 374.8 billion (up 22.4%) and nearly 16 million foreign visitors (up 14.4%), with the IMF raising its 2026 growth forecast to 8.2% in August.","Viet Nam News. (2026, September 3). Prime Minister demands 'highest determination' to meet 2026 growth target. Viet Nam News.",https://vietnamnews.vn/economy/1798866/prime-minister-demands-highest-determination-to-meet-2026-growth-target.html,2026-09-13,,,"The IMF raised its 2026 growth forecast to 8.2 percent in August, from 7.1 percent in April."
VN-90,what changed,Vietnam,"New Vietnamese rules took effect in September 2026, including Decree 292/2026/ND-CP from September 5 prohibiting imports of goods produced with forced labour, and Decree 283/2026/ND-CP from September 10 penalising unauthorised foreign workers and non-compliant employers.",VnEconomy. (2026). New policies take effect from September 2026. Vietnam Economic Times.,https://en.vneconomy.vn/new-policies-take-effect-from-september-2026.htm,2026-09-13,,,"Decree No. 283/2026/ND-CP, that will come into effect on September 10, regulates administrative penalties"
VN-91,what changed,Vietnam,"Vietnam's FTSE Russell upgrade takes effect on September 21, 2026 - eight days from now - with FTSE Russell estimating about USD 6 billion of passive inflows and the World Bank projecting up to USD 25 billion by 2030.",Vietnam Briefing. (2026). Vietnam reclassified to emerging market status by FTSE Russell. Dezan Shira & Associates.,https://www.vietnam-briefing.com/news/vietnam-reclassified-to-emerging-market-status-by-ftse-russell.html/,2026-09-13,,,the official recognition and upgrade of Vietnam's securities market is clear evidence of the country's sound development path
CR-1,dangers economy,Crocs / Vietnam,"Vietnam made about 45% of Crocs Brand production in 2025, down from 51% in 2024 and 56% in 2023. Vietnam remains Crocs' single largest sourcing country.","Crocs, Inc. (2026). Annual report (Form 10-K) for the fiscal year ended December 31, 2025. U.S. Securities and Exchange Commission.",https://www.sec.gov/Archives/edgar/data/1334036/000133403626000006/crox-20251231.htm,2026-09-13,,,"approximately 45%, 51%, and 56%, respectively, of our Crocs Brand production was in Vietnam"
CR-2,dangers economy,Crocs / Vietnam,"HEYDUDE shifted sharply into Vietnam: about 44% of HEYDUDE Brand production was in Vietnam in 2025, versus 20% in 2024 and 5% in 2023, after China had been the majority source.","Crocs, Inc. (2026). Annual report (Form 10-K) for the fiscal year ended December 31, 2025. U.S. Securities and Exchange Commission.",https://www.sec.gov/Archives/edgar/data/1334036/000133403626000006/crox-20251231.htm,2026-09-13,,,"approximately 44%, 20%, and 5%, respectively, of our HEYDUDE Brand production was in Vietnam"
CR-3,dangers economy,Crocs / Vietnam,"Crocs' largest third-party manufacturer for the Crocs Brand, with the majority of its operations in Vietnam, produced about 45% of Crocs Brand production in 2025 (50% in 2024).","Crocs, Inc. (2026). Annual report (Form 10-K) for the fiscal year ended December 31, 2025. U.S. Securities and Exchange Commission.",https://www.sec.gov/Archives/edgar/data/1334036/000133403626000006/crox-20251231.htm,2026-09-13,,,"Our largest third-party manufacturer for the Crocs Brand, with the majority of operations in Vietnam, produced approximately 45%"
CR-4,dangers government,Crocs / Vietnam,"Crocs' FY2025 10-K states that the United States imposed incremental tariffs of 20% on Vietnam, 20% on China, 19% on Indonesia, 18% on India and 19% on Cambodia.","Crocs, Inc. (2026). Annual report (Form 10-K) for the fiscal year ended December 31, 2025. U.S. Securities and Exchange Commission.",https://www.sec.gov/Archives/edgar/data/1334036/000133403626000006/crox-20251231.htm,2026-09-13,,,"incremental tariff of 20%, 20%, 19%, 18%, and 19% on all imports from Vietnam, China, Indonesia, India, and Cambodia"
CR-5,dangers economy,Crocs / Vietnam,In its FY2025 10-K Crocs warns that the 2025 tariffs have raised product costs and that raising prices further could hurt demand.,"Crocs, Inc. (2026). Annual report (Form 10-K) for the fiscal year ended December 31, 2025. U.S. Securities and Exchange Commission.",https://www.sec.gov/Archives/edgar/data/1334036/000133403626000006/crox-20251231.htm,2026-09-13,,,"These tariffs have increased, and may continue to increase, the cost of certain products"
CR-6,dangers economy,Crocs / Vietnam,Crocs' FY2025 10-K describes a disproportionate tariff impact on HEYDUDE Brand products that became evident in the second quarter of 2025.,"Crocs, Inc. (2026). Annual report (Form 10-K) for the fiscal year ended December 31, 2025. U.S. Securities and Exchange Commission.",https://www.sec.gov/Archives/edgar/data/1334036/000133403626000006/crox-20251231.htm,2026-09-13,,,"disproportionate impact of tariffs on HEYDUDE Brand products, which became evident in the second quarter"
CR-7,money matters,Crocs / Vietnam,"On its Q1 2025 earnings call (May 8, 2025) Crocs said its 2025 sourcing mix into the United States was roughly 47% Vietnam, 17% Indonesia, 13% each China and India, and 5% each Mexico and Cambodia.","Crocs, Inc. (2025, May 8). First quarter 2025 earnings call transcript.",https://s22.q4cdn.com/133460125/files/doc_financials/2025/q1/Crocs-Inc-First-Quarter-2025-Earnings.pdf,2026-09-13,,,"approximately 47% from Vietnam, 17% from Indonesia, 13% each for China and India, and 5% each for Mexico and Cambodia"
CR-8,money matters,Crocs / Vietnam,"Crocs told investors on May 8, 2025 that a 10% incremental tariff on its sourcing countries would cost roughly $45 million on an annualized cash basis.","Crocs, Inc. (2025, May 8). First quarter 2025 earnings call transcript.",https://s22.q4cdn.com/133460125/files/doc_financials/2025/q1/Crocs-Inc-First-Quarter-2025-Earnings.pdf,2026-09-13,,,approximately $45 million on an annualized cash basis
CR-9,money matters,Crocs / Vietnam,"On the same May 8, 2025 call Crocs said the then-announced 145% China tariff plus 10% on other origins would total roughly $130 million on an annualized cash basis.","Crocs, Inc. (2025, May 8). First quarter 2025 earnings call transcript.",https://s22.q4cdn.com/133460125/files/doc_financials/2025/q1/Crocs-Inc-First-Quarter-2025-Earnings.pdf,2026-09-13,,,approximately $130 million on an annualized cash basis
CR-10,money matters,Crocs / Vietnam,"Crocs' stated tariff mitigation plan as of May 2025 had three levers: adjusting the US sourcing mix, cutting costs, and evaluating price increases, plus $50 million of additional 2025 savings.","Crocs, Inc. (2025, May 8). First quarter 2025 earnings call transcript.",https://s22.q4cdn.com/133460125/files/doc_financials/2025/q1/Crocs-Inc-First-Quarter-2025-Earnings.pdf,2026-09-13,,,"adjusting our sourcing mix into the US; two, further reducing costs; and three, evaluating potential price increases"
CR-11,money matters,Crocs / Vietnam,"In its August 7, 2025 second-quarter release Crocs guided to a third-quarter 2025 adjusted operating margin of about 18% to 19%, including roughly 170 basis points of negative impact from announced and pending tariffs.","Crocs, Inc. (2025, August 7). Crocs, Inc. reports solid second quarter 2025 results led by both brands [Press release]. U.S. Securities and Exchange Commission.",https://www.sec.gov/Archives/edgar/data/1334036/000133403625000083/croxq22025-pressrelease.htm,2026-09-13,,,including an anticipated negative impact of approximately 170 basis points from announced and pending tariffs
CR-12,money matters,Crocs / Both,"Crocs reported full-year 2025 consolidated revenues of $4,041 million, a decrease of 1.5% versus 2024.","Crocs, Inc. (2026). Crocs, Inc. reports fourth quarter and full-year 2025 results; issues first quarter and full-year 2026 outlook [Press release]. PR Newswire.",https://www.prnewswire.com/news-releases/crocs-inc-reports-fourth-quarter-and-full-year-2025-results-issues-first-quarter-and-full-year-2026-outlook-302685680.html,2026-09-13,,,"Consolidated revenues were $4,041 million, a decrease of 1.5%"
CR-13,money matters,Crocs / Both,"For full-year 2025 the Crocs Brand grew 1.5% to $3,326 million while HEYDUDE fell 13.3% to $715 million.","Crocs, Inc. (2026). Crocs, Inc. reports fourth quarter and full-year 2025 results; issues first quarter and full-year 2026 outlook [Press release]. PR Newswire.",https://www.prnewswire.com/news-releases/crocs-inc-reports-fourth-quarter-and-full-year-2025-results-issues-first-quarter-and-full-year-2026-outlook-302685680.html,2026-09-13,,,"Revenues increased 1.5% to $3,326 million"
CR-14,money matters,Crocs / Both,"Crocs Brand international revenues reached $1,616 million in 2025, up 11.9%, while total 2026 revenue guidance is down about 1% to up slightly.","Crocs, Inc. (2026). Crocs, Inc. reports fourth quarter and full-year 2025 results; issues first quarter and full-year 2026 outlook [Press release]. PR Newswire.",https://www.prnewswire.com/news-releases/crocs-inc-reports-fourth-quarter-and-full-year-2025-results-issues-first-quarter-and-full-year-2026-outlook-302685680.html,2026-09-13,,,revenues to be down approximately 1% to up slightly compared to full-year 2025
CR-15,money matters,Crocs / Both,"International sales were 48.6% of Crocs Brand revenues in 2025, and digital sales were 37.8% of consolidated revenues.","Crocs, Inc. (2026). Annual report (Form 10-K) for the fiscal year ended December 31, 2025. U.S. Securities and Exchange Commission.",https://www.sec.gov/Archives/edgar/data/1334036/000133403626000006/crox-20251231.htm,2026-09-13,,,international sales in 2025 were 48.6% of Crocs Brand revenues
CR-16,money matters,Crocs / Both,In the third quarter of 2025 Crocs' consolidated revenues fell 6.2% to $996 million and gross margin declined 110 basis points to 58.5%.,"Crocs, Inc. (2025). Crocs, Inc. reports third quarter 2025 results [Press release]. PR Newswire.",https://www.prnewswire.com/news-releases/crocs-inc-reports-third-quarter-2025-results-302599059.html,2026-09-13,,,"Gross margin, on a reported and adjusted basis, declined 110 basis points to 58.5%"
CR-17,local knowledge,Crocs / Singapore,"Crocs operated 18 Crocs Brand company-operated stores in Singapore as of December 31, 2025, up from 17 a year earlier.","Crocs, Inc. (2026). Annual report (Form 10-K) for the fiscal year ended December 31, 2025. U.S. Securities and Exchange Commission.",https://www.sec.gov/Archives/edgar/data/1334036/000133403626000006/crox-20251231.htm,2026-09-13,,,Singapore
CR-18,itinerary,Crocs / Singapore,"Crocs relies on third-party operated distribution centres in Singapore among eleven countries listed in its FY2025 10-K, making Singapore part of its Asia logistics footprint.","Crocs, Inc. (2026). Annual report (Form 10-K) for the fiscal year ended December 31, 2025. U.S. Securities and Exchange Commission.",https://www.sec.gov/Archives/edgar/data/1334036/000133403626000006/crox-20251231.htm,2026-09-13,,,"third-party operated distribution centers located in the United States, Japan, China, Australia, South Korea, Singapore, India"
CR-19,local knowledge,Crocs / Singapore,"Crocs Asia Pte. Ltd. (UEN 200416227Z) was incorporated in Singapore on 16 December 2004 and its registered address is 11 North Buona Vista Drive #04-07, The Metropolis, Singapore 138589.",SGPBusiness. (n.d.). Crocs Asia Pte. Ltd. (200416227Z) Singapore company profile.,https://www.sgpbusiness.com/company/Crocs-Asia-Pte-Ltd,2026-09-13,,,11 NORTH BUONA VISTA DRIVE #04-07 THE METROPOLIS SINGAPORE (138589)
CR-20,itinerary,Crocs / Singapore,"Crocs' Singapore office at The Metropolis covers 18,000 square feet and was completed in 2018, designed by SCA Design.","Officelovin'. (2019, September). A look inside Crocs' new Singapore office.",https://www.officelovin.com/2019/09/a-look-inside-crocs-new-singapore-office/,2026-09-13,,,"18,000 square feet"
CR-21,political weather,Crocs / Vietnam,"On July 2, 2025 the United States and Vietnam announced a trade framework imposing a 20% tariff on most Vietnamese exports and a 40% levy on goods transshipped through Vietnam from third countries.","Vietnam Briefing. (2025). Vietnam-US trade deal 2025: Summary, impacts and strategic responses. Dezan Shira & Associates.",https://www.vietnam-briefing.com/news/vietnam-us-trade-deal-2025-summary-impacts-and-strategic-responses.html/,2026-09-13,,,a 20 percent tariff on most Vietnamese exports and a 40 percent levy on goods transshipped through Vietnam from third countries
CR-22,dangers economy,Crocs / Vietnam,"Vietnam earned nearly $29 billion from footwear exports in 2025, up 5% year on year, with the United States importing $11.01 billion and the EU $6.88 billion.","VnEconomy. (2026, January 29). Vietnam's footwear exports gain $29 bln in 2025.",https://en.vneconomy.vn/vietnams-footwear-exports-gain-29-bln-in-2025.htm,2026-09-13,,,"nearly $29 billion from footwear exports in 2025, up 5% year-on-year"
CR-23,political weather,Crocs / Vietnam,"Under the EU-Vietnam Free Trade Agreement, 37% of footwear tariff lines were eliminated when the agreement entered into force on August 1, 2020, with the remaining 63% phased out over 3, 5 or 7 years.","WTO Center, Vietnam Chamber of Commerce and Industry. (n.d.). EVFTA opportunities for Vietnamese footwear products.",https://wtocenter.vn/german-market/19094-evfta-opportunities-for-vietnamese-footwear-products,2026-09-13,,,"eliminated 37% of tariff lines at entry into force of the Agreement (August 1, 2020)"
CR-24,local knowledge,Crocs / Vietnam,"Crocs does not own factories; besides Vietnam it uses additional third-party manufacturers for the Crocs Brand in China, Indonesia, India and Mexico, among other countries.","Crocs, Inc. (2025). Annual report (Form 10-K) for the fiscal year ended December 31, 2024. U.S. Securities and Exchange Commission.",https://www.sec.gov/Archives/edgar/data/1334036/000133403625000009/crox-20241231.htm,2026-09-13,,,"We have additional third-party manufacturers in China, Indonesia, India, and Mexico, among other countries"
CR-25,dangers economy,Crocs / Vietnam,"Before the 2025 shift, HEYDUDE was overwhelmingly China-based: about 58% of HEYDUDE Brand production was in China in 2024 and 83% in 2023.","Crocs, Inc. (2025). Annual report (Form 10-K) for the fiscal year ended December 31, 2024. U.S. Securities and Exchange Commission.",https://www.sec.gov/Archives/edgar/data/1334036/000133403625000009/crox-20241231.htm,2026-09-13,,,"approximately 58% and 83%, respectively, of our HEYDUDE Brand production was in China"
MC-1,local knowledge,Mastercard / Singapore,"Mastercard states that its Singapore office serves as the company's Asia Pacific headquarters; the Bugis-area office houses a Mastercard Experience Center, studio space and e-learning lounges.",Mastercard. (n.d.). Jobs in Singapore. Mastercard Careers.,https://careers.mastercard.com/us/en/singapore,2026-09-13,,,"The Singapore office serves as Mastercard's Asia Pacific headquarters, where innovation, creativity, and collaboration come to life."
MC-2,itinerary,Mastercard / Singapore,"The Mastercard Experience Center in Singapore is one of six such centres globally alongside London, Stockholm, Dubai, Mexico City and New York, and serves clients across Asia Pacific.",Mastercard. (2023). Mastercard Experience Center brings the future of commerce to life [Press release].,https://www.mastercard.com/news/ap/en/newsroom/press-releases/en/2023/mastercard-experience-center-brings-the-future-of-commerce-to-life/,2026-09-13,,,"one of six MECs globally, with others located in London, Stockholm, Dubai, Mexico City and New York City"
MC-3,itinerary,Mastercard / Singapore,"Mastercard announced the Singapore Experience Center on July 28, 2023 as an innovation space and R&D lab hosting customer workshops and executive roundtables.","Mastercard. (2023, July 28). Mastercard Experience Center brings the future of commerce to life [Press release]. PR Newswire.",https://www.prnewswire.com/apac/news-releases/mastercard-experience-center-brings-the-future-of-commerce-to-life-301888039.html,2026-09-13,,,The Mastercard Experience Center is designed as a portal to that future
MC-4,local knowledge,Mastercard / Singapore,"On April 6, 2026 Mastercard said it will open a regional AI Centre of Excellence in Singapore later in 2026, described as its largest innovation space in Asia Pacific.","Mastercard. (2026, April 6). Mastercard powering ASEAN's AI ambitions in the future of payments [Press release].",https://www.mastercard.com/news/ap/en/newsroom/press-releases/en/2026/mastercard-powering-asean-s-ai-ambitions-in-the-future-of-payments/,2026-09-13,,,Mastercard's largest innovation space in Asia Pacific
MC-5,money matters,Mastercard / Both,"Mastercard launched authenticated agentic transactions across ASEAN starting with Singapore and Malaysia on April 6, 2026, tested region-wide with United Overseas Bank.","Mastercard. (2026, April 6). Mastercard powering ASEAN's AI ambitions in the future of payments [Press release].",https://www.mastercard.com/news/ap/en/newsroom/press-releases/en/2026/mastercard-powering-asean-s-ai-ambitions-in-the-future-of-payments/,2026-09-13,,,"The first wave of authenticated agentic transactions across ASEAN shows how quickly the region is embracing secure, AI-enabled commerce."
MC-6,money matters,Mastercard / Singapore,"On March 4, 2026 Mastercard completed its first live agentic transaction in Singapore with DBS Bank and UOB, an AI agent booking a ride to Changi Airport using Payment Passkeys.","Mastercard. (2026, March 4). Mastercard delivers its first live agentic transaction in Singapore with DBS and UOB [Press release].",https://www.mastercard.com/news/ap/en/newsroom/press-releases/en/2026/mastercard-delivers-its-first-live-agentic-transaction-in-singapore-with-dbs-and-uob/,2026-09-13,,,Mastercard's first live agentic transaction shows how innovation can be brought into everyday services responsibly and securely
MC-7,dangers government,Mastercard / Singapore,"Singapore's Payment Services Act came into force on 28 January 2020 and creates three licence classes: money-changing, standard payment institution and major payment institution.",Monetary Authority of Singapore. (n.d.). A guide to the Payment Services Act 2019.,https://www.mas.gov.sg/-/media/mas/regulations-and-financial-stability/regulations-guidance-and-licensing/payment-service-providers/guide-to-the-payment-services-act-2019.pdf,2026-09-13,,,The PS Act came into force on 28 January 2020
MC-8,dangers government,Mastercard / Singapore,"The Payment Services Act regulates seven payment services, including merchant acquisition, cross-border money transfer, e-money issuance and digital payment token services.",Monetary Authority of Singapore. (n.d.). A guide to the Payment Services Act 2019.,https://www.mas.gov.sg/-/media/mas/regulations-and-financial-stability/regulations-guidance-and-licensing/payment-service-providers/guide-to-the-payment-services-act-2019.pdf,2026-09-13,,,"account issuance service, domestic money transfer service, cross-border money transfer service, merchant acquisition service, e-money issuance service"
MC-9,money matters,Mastercard / Singapore,"Singapore and India linked PayNow and UPI for real-time cross-border payments on 21 February 2023, initially capped at SGD 200 per transaction and SGD 500 per day via DBS and Liquid Group.","Monetary Authority of Singapore. (2023, February 21). Launch of real-time payments between Singapore and India [Media release].",https://www.mas.gov.sg/news/media-releases/2023/launch-of-real-time-payments-between-singapore-and-india,2026-09-13,,,"up to SGD200 per transaction, capped at SGD500 per day"
MC-10,dangers government,Mastercard / Singapore,On 4 July 2025 MAS imposed S$27.45 million (about US$21.55 million) in penalties on nine financial institutions for anti-money-laundering breaches linked to Singapore's S$3 billion 2023 laundering case.,"South China Morning Post. (2025, July 4). Singapore fines 9 firms US$22 million over mega money laundering case.",https://www.scmp.com/week-asia/economics/article/3316965/singapore-fines-9-firms-us22-million-over-mega-money-laundering-case,2026-09-13,,,S$27.45 million (US$21.55 million)
MC-11,dangers government,Mastercard / Singapore,"The 2023 Singapore money laundering case involved about S$3 billion (US$2.36 billion), and by December 2024 roughly S$2.79 billion had been surrendered to the state.","South China Morning Post. (2025, July 4). Singapore fines 9 firms US$22 million over mega money laundering case.",https://www.scmp.com/week-asia/economics/article/3316965/singapore-fines-9-firms-us22-million-over-mega-money-laundering-case,2026-09-13,,,S$3 billion (US$2.36 billion)
MC-12,local knowledge,Mastercard / Vietnam,"Mastercard announced a representative office in Ho Chi Minh City on December 30, 2008, to deepen work with Vietnam-based banks, merchants and consumers.","American Banker. (2008, December 30). Mastercard to open office in Ho Chi Minh City.",https://www.americanbanker.com/payments/news/mastercard-to-open-office-in-ho-chi-minh-city,2026-09-13,,,"The representative office will enable MasterCard to further enhance its working relationships with Vietnam-based banks, merchants and consumers"
MC-13,money matters,Mastercard / Vietnam,"On October 15, 2024 NAPAS and Mastercard announced Vietnam's first co-badged domestic-international card, with nine issuing banks including Agribank, BIDV, VietinBank and Sacombank.","National Payment Corporation of Vietnam. (2024, October 15). Mastercard and NAPAS jointly announce a collaboration to introduce the first co-badged card with banks in Vietnam.",https://en.napas.com.vn/mastercard-and-napas-jointly-announce-a-collaboration-to-introduce-the-first-co-badged-card-with-banks-in-vietnam-184241015164930066.htm,2026-09-13,,,"As the world of work, commerce, and technology swiftly evolves, Mastercard stands at the forefront, ready to drive digital transformation in Vietnam."
MC-14,local knowledge,Mastercard / Vietnam,"NAPAS' domestic network covers more than 600,000 payment acceptance points and 20,000 ATMs in Vietnam, which the co-badged card pairs with Mastercard's global acceptance.","National Payment Corporation of Vietnam. (2024, October 15). Mastercard and NAPAS jointly announce a collaboration to introduce the first co-badged card with banks in Vietnam.",https://en.napas.com.vn/mastercard-and-napas-jointly-announce-a-collaboration-to-introduce-the-first-co-badged-card-with-banks-in-vietnam-184241015164930066.htm,2026-09-13,,,"600,000+ payment acceptance points in Vietnam"
MC-15,itinerary,Mastercard / Vietnam,"On September 9, 2024 FPT IS and Mastercard partnered to supply open-loop EMV payment technology for smart ticketing on Ho Chi Minh City Metro Line 1 (Ben Thanh-Suoi Tien), expected to carry 40,000 passengers daily initially.","FPT IS. (2024, September 9). FPT IS partners with Mastercard to adopt payment technology in smart ticketing and traffic management systems for Metro Line 1 in Ho Chi Minh City.",https://fpt-is.com/en/fpt-is-partners-with-mastercard-to-adopt-payment-technology-in-smart-ticketing-and-traffic-management-systems-for-metro-line-1-in-ho-chi-minh-city/,2026-09-13,,,"Mastercard and its partners aim to provide users with a sense of security, satisfaction and a smooth experience."
MC-16,money matters,Mastercard / Vietnam,"Mastercard reported on June 18, 2025 that Vietnam recorded a 92% compound annual growth rate in contactless transaction volume from Q4 2022 to Q4 2024.","Vietnam News. (2025, June 18). Mastercard reaffirms commitment to supporting Viet Nam's cashless future.",https://vietnamnews.vn/economy/1719777/mastercard-reaffirms-commitment-to-supporting-viet-nam-s-cashless-future.html,2026-09-13,,,"fueled by an increasingly advanced and secure payment ecosystem, driven by technologies such as Tap to Pay and tokenisation"
MC-17,money matters,Mastercard / Vietnam,"Mastercard's June 2025 Vietnam commitments included a Pay by Account solution with VPBank, Metro Line 1 contactless ticketing with HURC1, and the NAPAS co-badged card.","Vietnam News. (2025, June 18). Mastercard reaffirms commitment to supporting Viet Nam's cashless future.",https://vietnamnews.vn/economy/1719777/mastercard-reaffirms-commitment-to-supporting-viet-nam-s-cashless-future.html,2026-09-13,,,Mastercard Pay Local allows international travelers to use digital wallets
MC-18,dangers government,Mastercard / Vietnam,"Under State Bank of Vietnam Decision No. 2345, from July 1 (2024) online transfers above VND 10 million, or over VND 20 million in a day, require biometric authentication.",Vietnam News. (2024). Transfers of over VND10 million will require biometric authentication starting July 1st.,https://vietnamnews.vn/economy/1656202/transfers-of-over-vnd10-million-will-require-biometric-authentication-starting-july-1st.html,2026-09-13,,,"another layer of security, on top of SMS OTP and soft OTP"
MC-19,dangers government,Mastercard / Vietnam,"Vietnam's Decree No. 52/2024/ND-CP took effect on July 1, 2024, replacing Decree 101/2012 and introducing the country's first legal definition of e-money plus rules for intermediary payment services with international elements.",Tilleke & Gibbins. (2024). Vietnam's new decree on non-cash payments.,https://www.tilleke.com/insights/vietnams-new-decree-on-non-cash-payments/,2026-09-13,,,officially replace Decree No. 101/2012
MC-20,dangers government,Mastercard / Vietnam,Decree 52 gives commercial banks and foreign bank branches 24 months to comply with its rules on participation in international payment systems.,Tilleke & Gibbins. (2024). Vietnam's new decree on non-cash payments.,https://www.tilleke.com/insights/vietnams-new-decree-on-non-cash-payments/,2026-09-13,,,Commercial banks and foreign bank branches have 24 months to comply with Decree 52 for international payment system participation
MC-21,dangers government,Mastercard / Vietnam,The State Bank of Vietnam dropped its proposed 49% cap on foreign ownership in e-payment businesses from the revised draft decree.,DealStreetAsia. (n.d.). Vietnam to remove 49% foreign ownership cap for payment firms.,https://www.dealstreetasia.com/stories/vietnam-regulation-e-payment-174269,2026-09-13,,,has removed its proposal of a 49 per cent foreign ownership limit in e-payment businesses
MC-22,dangers government,Mastercard / Vietnam,"Vietnam's Decree 53/2022 took effect on October 1, 2022 and requires foreign providers of services such as online payment to store specified data in Vietnam for at least 24 months and to set up a branch or representative office.","CMS. (2022, August). Vietnam's new cybersecurity law requiring data localisation to take effect on 1 October 2022.",https://cms.law/en/chn/legal-updates/vietnam-s-new-cybersecurity-law-requiring-data-localisation-to-take-effect-on-1-october-2022,2026-09-13,,,store specific types of data in Vietnam for a minimum period of 24 months
MC-23,dangers economy,Mastercard / Vietnam,"The State Bank of Vietnam reported on February 2, 2026 that 2025 cashless payment value reached about 28 times GDP, with individual payment accounts exceeding 232 million by December 2025, up 13.68%.","VietnamPlus. (2026, February 4). 2025 cashless payment value nearly 28 times GDP.",https://en.vietnamplus.vn/2025-cashless-payment-value-nearly-28-times-gdp-post337178.vnp,2026-09-13,,,"exceeded 232 million, up 13.68% compared with the same period in 2024"
MC-24,dangers economy,Mastercard / Vietnam,"Between 2021 and 2025 Vietnam's cashless transactions grew by an average of 58.86% a year in volume and 24.36% a year in value, with QR code payments up 106.24% in volume in 2025.","VietnamPlus. (2026, February 4). 2025 cashless payment value nearly 28 times GDP.",https://en.vietnamplus.vn/2025-cashless-payment-value-nearly-28-times-gdp-post337178.vnp,2026-09-13,,,by an average of 58.86% a year
MC-25,dangers economy,Mastercard / Vietnam,"In the first nine months of 2025 Vietnam's non-cash transactions rose 43.3% year on year in volume, while QR code payments jumped 61.6% in volume and 150.7% in value and ATM transactions fell 16.77%.","Vietnam News. (2025, October 30). Cashless payments soar as QR code transactions skyrocket by 150 per cent.",https://vietnamnews.vn/economy/1728576/cashless-payments-soar-as-qr-code-transactions-skyrocket-by-150-per-cent.html,2026-09-13,,,"QR Code payments led the digital transformation, jumping 61.6 per cent in volume and 150.7 per cent in value"
MC-26,political weather,Mastercard / Both,"Mastercard suspended its network services in Russia on March 5, 2022 following the invasion of Ukraine, a precedent for how sanctions reach card networks used by Singapore and Vietnam banks.","Mastercard Incorporated. (2022, March 5). Mastercard statement on suspension of Russian operations. U.S. Securities and Exchange Commission.",https://www.sec.gov/Archives/edgar/data/1141391/000114139122000062/ma03072022-statement.htm,2026-09-13,,,We have decided to suspend our network services in Russia.
MC-27,money matters,Mastercard / Both,"Mastercard reported 2025 net revenue of $32.8 billion, up 16%, and employed approximately 39,800 people globally, about 70% of them outside the United States in more than 90 countries.","Mastercard Incorporated. (2026). Annual report (Form 10-K) for the fiscal year ended December 31, 2025. U.S. Securities and Exchange Commission.",https://www.sec.gov/Archives/edgar/data/1141391/000114139126000013/ma-20251231.htm,2026-09-13,,,"approximately 39,800 persons globally, of which approximately 70% were employed outside of the U.S. in more than 90 countries"
MC-28,dangers government,Mastercard / Both,"Mastercard's FY2025 10-K flags data localization mandates as a risk, naming India, China and Saudi Arabia as jurisdictions requiring in-country data processing or storage.","Mastercard Incorporated. (2026). Annual report (Form 10-K) for the fiscal year ended December 31, 2025. U.S. Securities and Exchange Commission.",https://www.sec.gov/Archives/edgar/data/1141391/000114139126000013/ma-20251231.htm,2026-09-13,,,"data localization requirements, which mandate the collection, storage, and/or other processing of data within their borders"
MC-29,political weather,Mastercard / Vietnam,"On May 8, 2026 in Hanoi the Vietnam National Authority of Tourism and Mastercard signed a memorandum of understanding for 2026-2030 covering destination marketing, digital integration and market insights.","Mastercard. (2026, May 8). Vietnam National Authority of Tourism and Mastercard announce memorandum of understanding to advance Vietnam's tourism growth [Press release].",https://www.mastercard.com/news/ap/en/newsroom/press-releases/en/2026/vietnam-national-authority-of-tourism-and-mastercard-announce-memorandum-of-understanding-to-advance-vietnam-s-tourism-growth/,2026-09-13,,,"Vietnam is emerging as one of the region's most dynamic tourism markets, with a growing focus on modern and digitally enabled visitor experiences."
MC-30,dangers economy,Mastercard / Vietnam,Mastercard's May 2026 tourism MOU cites 21.2 million international visitors to Vietnam in 2025 and tourism projected to contribute about 14% of GDP by 2030.,"Mastercard. (2026, May 8). Vietnam National Authority of Tourism and Mastercard announce memorandum of understanding to advance Vietnam's tourism growth [Press release].",https://www.mastercard.com/news/ap/en/newsroom/press-releases/en/2026/vietnam-national-authority-of-tourism-and-mastercard-announce-memorandum-of-understanding-to-advance-vietnam-s-tourism-growth/,2026-09-13,,,Tourism is set to play an increasingly critical role in Vietnam's economic future
MC-31,local knowledge,Mastercard / Vietnam,"Mastercard appointed Sharad Jain Country Manager for Vietnam, Cambodia and Laos on September 8, 2025, citing that 94% of Vietnamese consumers used at least one emerging digital payment method in the past year, 7 points above the global average.","Mastercard. (2025, September 8). Mastercard appoints Sharad Jain as country manager for Vietnam, Cambodia and Laos [Press release].",https://www.mastercard.com/news/ap/en/newsroom/press-releases/en/2025/mastercard-appoints-sharad-jain-as-country-manager-for-vietnam-cambodia-and-laos/,2026-09-13,,,94% of Vietnamese consumers have used at least one form of emerging digital payment method in the past year
VN-92,political weather,Both,"On 20 February 2026 the US Supreme Court struck down the IEEPA emergency-powers tariffs; the White House replaced the country-specific rates with a flat 10% surcharge under Section 122, expiring 24 July 2026 unless Congress extends it.","Global Trade Alert. (2026, February 21). From IEEPA to Section 122: What changed on 20 February 2026. Global Trade Alert.",https://globaltradealert.org/blog/from-ieepa-to-section-122,2026-09-15,,,"On 20 February 2026, the Supreme Court struck down President Trump's tariffs imposed under the International Emergency Economic Powers Act (IEEPA)."
VN-93,political weather,Vietnam,"USTR's 2026 Special 301 Report, released April 30, 2026, identified Vietnam as the only Priority Foreign Country for intellectual property, with a decision on a Section 301 investigation due within 30 days.","Office of the United States Trade Representative. (2026, April 30). USTR releases 2026 Special 301 Report on intellectual property protection and enforcement [Press release]. USTR.",https://ustr.gov/about/policy-offices/press-office/press-releases/2026/april/ustr-releases-2026-special-301-report-intellectual-property-protection-and-enforcement,2026-09-15,,,"In this year’s Special 301 Report, USTR identifies Vietnam as a Priority Foreign Country."
VN-94,political weather,Vietnam,"USTR initiated a Section 301 investigation into Vietnam's acts, policies and practices related to intellectual property protection and enforcement on May 29, 2026.","Office of the United States Trade Representative. (2026). Section 301 investigation: Vietnam's acts, policies, and practices related to intellectual property protection and enforcement. USTR.",https://ustr.gov/trade-topics/enforcement/section-301-investigations/section-301-investigation-vietnams-acts-policies-and-practices-related-intellectual-property,2026-09-15,,,"Notice of Initiation – May 29, 2026"
VN-95,political weather,Vietnam,"On July 23, 2026 USTR announced Section 301 duties on economies found not to prohibit and enforce against imports made with forced labor, with 12.5 percent the rate for all investigated economies not given a lower one.","Office of the United States Trade Representative. (2026, July 23). USTR takes action in forced labor Section 301 investigations [Press release]. USTR.",https://ustr.gov/about/policy-offices/press-office/press-releases/2026/july/ustr-takes-action-forced-labor-section-301-investigations,2026-09-15,,,12.5 percent is the appropriate rate of Section 301 duty for all other investigated economies
VN-96,political weather,Vietnam,"Under the Section 301 forced-labor action, a flat 12.5% US tariff applies to products of Vietnam from 24 July 2026, the day the Section 122 surcharge expired.",Global Trade Alert. (2026). US Section 301 forced labour investigations: Vietnam [Country sheet]. Global Trade Alert.,https://ricardo-dashboard.s3.eu-west-1.amazonaws.com/reports/forced-labour-section-301-final-action/economies/S301-FL_Vietnam.pdf,2026-09-15,,,the Trade Representative has determined to impose 12.5 percent tariffs on products of Vietnam
SG-96,political weather,Singapore,"Under the same Section 301 forced-labor action, a 12.5% US tariff applies to products of Singapore from 24 July 2026, replacing the 10% rate it faced in 2025.",Global Trade Alert. (2026). US Section 301 forced labour investigations: Vietnam [Country sheet]. Global Trade Alert.,https://ricardo-dashboard.s3.eu-west-1.amazonaws.com/reports/forced-labour-section-301-final-action/economies/S301-FL_Vietnam.pdf,2026-09-15,,,the Trade Representative has determined to impose 12.5 percent tariffs on products of Singapore
SG-97,at a glance,Singapore,On 15 September 2026 one US dollar was worth about 1.27 Singapore dollars at the mid-market rate (1.27268).,"Xe.com. (2026, September 15). USD to SGD currency converter. Xe.",https://www.xe.com/currencyconverter/convert/?Amount=1&From=USD&To=SGD,2026-09-15,,,"1 USD = 1.27268 SGD Sep 15, 2026, 09:03 UTC"
SG-98,at a glance,Singapore,"Singapore's GDP per capita was about US$98,814 in 2025, in current US dollars, per World Bank data.",World Bank. (n.d.). GDP per capita (current US$) - Singapore. World Bank Open Data.,https://data.worldbank.org/indicator/NY.GDP.PCAP.CD?locations=SG,2026-09-15,,,GDP per capita (current US$) - Singapore
US-1,at a glance,United States,"The US resident population reached 341.8 million on July 1, 2025, per the Census Bureau's Vintage 2025 estimates.","U.S. Census Bureau. (2026, January 27). U.S. population growth slows due to historic decline in net international migration. U.S. Census Bureau.",https://www.census.gov/newsroom/press-releases/2026/population-growth-slows.html,2026-09-15,,,the U.S. population grew by 1.8 million (or 0.5%) to reach 341.8 million
US-2,at a glance,United States,"US GDP per capita was about US$90,027 in 2025, in current US dollars, per World Bank data.",World Bank. (n.d.). GDP per capita (current US$) - United States. World Bank Open Data.,https://data.worldbank.org/indicator/NY.GDP.PCAP.CD?locations=US,2026-09-15,,,GDP per capita (current US$) - United States
SG-99,need to know,Singapore,"Singapore's mean daily maximum temperature (1991-2020) runs from 30.5°C in December to 32.4°C in April, and its mean daily minimum from 24.3°C in December and January to 25.7°C in May and June.",Meteorological Service Singapore. (n.d.). Climate of Singapore. Meteorological Service Singapore.,http://www.weather.gov.sg/climate-climate-of-singapore/,2026-09-15,,,Temperature (°C) Mean Daily Maximum 30.6 31.5 32.2 32.4 32.3 31.9 31.4 31.4 31.6 31.8 31.2 30.5
VN-97,need to know,Vietnam,"At Tan Son Nhat station, Ho Chi Minh City's mean daily maximum temperature runs from 31.6°C in December to 34.9°C in May, and its mean daily minimum from 23.1°C in February to 26.4°C in April and May.",Wikipedia contributors. (n.d.). Ho Chi Minh City. Wikipedia.,https://en.wikipedia.org/wiki/Ho_Chi_Minh_City,2026-09-15,,,Mean daily maximum °C (°F) 32.0 (89.6) 32.7 (90.9) 33.6 (92.5) 34.5 (94.1) 34.9 (94.8)
SG-100,dangers economy,Singapore,Coface currently rates Singapore A3 (satisfactory) for country risk and A1 for business climate.,"Coface. (2026). Singapore: Country file, economic risk analysis. Coface.",https://www.coface.com/news-economy-and-insights/business-risk-dashboard/country-risk-files/singapore,2026-09-15,,,Assessment Country Risk A 3 Help Business Climate A 1
SG-101,dangers economy,Singapore,"Coface downgraded Singapore's country risk from A2 to A3 in June 2025, citing heightened tariff uncertainty and its hit to global trade growth.","Coface. (2025, June 26). Coface Risk Review June 2025: The crash test of the global economy. Coface.",https://www.coface.com/content/download/82416/file/US%20Risk%20Review%20June%202025%20-%20The%20crash%20test%20of%20the%20global%20economy.pdf,2026-09-15,,,Singapore: [Downgrade from A2 to A3] Singapore's macroeconomic outlook has become less favourable as heightened tariff uncertainty
SG-102,dangers economy,Singapore,The value of Singapore's trade in goods and services is more than three times the size of its GDP.,"Coface. (2025, June 26). Coface Risk Review June 2025: The crash test of the global economy. Coface.",https://www.coface.com/content/download/82416/file/US%20Risk%20Review%20June%202025%20-%20The%20crash%20test%20of%20the%20global%20economy.pdf,2026-09-15,,,The value of Singapore's trade in goods and services is over three times the size of its GDP.
SG-103,money matters,Singapore,"Singapore's FDI inflows rose 10.8 percent to US$150,898 million in 2025, from US$136,199 million in 2024, per UNCTAD.","UN Trade and Development. (2026). World investment report 2026: International investment in a turbulent era. Country fact sheet: Singapore. UNCTAD.",https://unctad.org/system/files/non-official-document/wir_fs_sg_en.pdf,2026-09-15,,,FDI flows | Singapore | Inward | 2024: 136 199 | 2025: 150 898 | Growth rate 2024-2025: 10.8
SG-104,money matters,Singapore,"Singapore's Significant Investments Review Act 2024, in force from 28 March 2024, regulates local or foreign investment in entities critical to national security: buyers must notify the Minister after becoming a 5% controller and seek approval before becoming a 12%, 25% or 50% controller.","Allen & Gledhill. (2024, March 28). Significant Investments Review Act 2024 regulating significant investments in entities critical to Singapore's national security interests including ""calling-in"" powers in force from 28 March 2024. Allen & Gledhill.",https://www.allenandgledhill.com/publication/articles/27724/significant-investments-review-act-2024-regulating-significant-investments-in-entities-critical-to-singapore-s-national-security-interests-including-calling-in-powers-in-force-from-28-march-2024,2026-09-15,,,"They will have to seek approval before becoming a 12%, 25% or 50% controller."
VN-98,dangers economy,Vietnam,"Coface currently rates Vietnam B for country risk, down from A4, and A4 for business climate.","Coface. (n.d.). Vietnam: Country file, economic risk analysis. Coface.",https://www.coface.com/news-economy-and-insights/business-risk-dashboard/country-risk-files/vietnam-socialist-republic-of,2026-09-15,,,Assessment Country Risk B Help Business Climate A 4 Help Previously A4
VN-99,dangers economy,Vietnam,"Coface downgraded Vietnam's country risk from A4 to B in its June 2026 Risk Review, citing exposure to oil supply shocks as a net energy importer.","Coface. (2026, June 23). June 2026 Risk Review: Hydration break in the Persian Gulf. Coface.",https://www.coface.com/content/download/108127/file/202606%20-%20Risk%20Review%20June%202026%20-%20Hydration%20Break%20in%20the%20Persian%20Gulf%202.pdf,2026-09-15,,,Vietnam is highly exposed to oil supply shocks as a net energy importer
VN-100,money matters,Vietnam,"Vietnam's FDI inflows rose 0.9 percent to US$20,350 million in 2025, from US$20,170 million in 2024, per UNCTAD.","UN Trade and Development. (2026). World investment report 2026: International investment in a turbulent era. Country fact sheet: Viet Nam. UNCTAD.",https://unctad.org/system/files/non-official-document/wir_fs_vn_en.pdf,2026-09-15,,,FDI flows | Viet Nam | Inward | 2024: 20 170 | 2025: 20 350 | Growth rate 2024-2025: 0.9
CF-1,dangers economy,Both,"Coface grades country risk on an eight-step scale: A1 very low, A2 low, A3 satisfactory, A4 reasonable, B quite high, C high, D very high and E extreme.",Coface. (n.d.). Visualize country risk worldwide with the Coface map. Coface.,https://www.coface.com/news-economy-and-insights/business-risk-dashboard/country-risk-map,2026-09-15,,,A 1 Very low A 2 Low A 3 Satisfactory A 4 Reasonable B Quite high C High D Very high E Extreme
CF-2,dangers economy,Both,"In Coface's country risk scale, A3 means a less favourable macroeconomic and financial outlook in a political context that remains stable.",Coface. (2025). Coface country & sector risks handbook 2025. Coface.,https://business-information.coface.com/content/download/1137/file/Handbook%202025.pdf,2026-09-15,,,Less favourable macroeconomic and financial outlook. Political context remains stable.
CF-3,dangers economy,Both,"In Coface's country risk scale, B means an uncertain economic and financial outlook in a political context that could suffer strong tensions.",Coface. (2025). Coface country & sector risks handbook 2025. Coface.,https://business-information.coface.com/content/download/1137/file/Handbook%202025.pdf,2026-09-15,,,Uncertain economic and financial outlook. Political context could suffer strong tensions.
CF-4,dangers economy,Both,"A Coface A1 business climate means company reports are generally available and reliable, debt collection is effective, institutions are high quality and the domestic market is almost perfectly open.",Coface. (2025). Coface country & sector risks handbook 2025. Coface.,https://business-information.coface.com/content/download/1137/file/Handbook%202025.pdf,2026-09-15,,,Company reports are (generally) available and reliable. Effective debt collection. High quality institutions.
CF-5,dangers economy,Both,"A Coface A4 business climate means debt collection is not always effective, institutions have some inadequacies and access to the domestic market presents some constraints.",Coface. (2025). Coface country & sector risks handbook 2025. Coface.,https://business-information.coface.com/content/download/1137/file/Handbook%202025.pdf,2026-09-15,,,Debt collection is not always effective and institutions have some inadequacies. Access to domestic market presents some constraints.
WB-1,dangers economy,Both,The World Bank's 2023 Logistics Performance Index covers 139 countries and measures the ease of establishing reliable supply chain connections.,"World Bank. (2023, April 21). World Bank releases Logistics Performance Index 2023 [Press release]. World Bank.",https://www.worldbank.org/en/news/press-release/2023/04/21/world-bank-releases-logistics-performance-index-2023,2026-09-15,,,"covers 139 countries, measures the ease of establishing reliable supply chain connections"
WB-2,dangers economy,Both,"LPI scores come from logistics professionals, who rate countries on six core dimensions on a scale from 1 (worst) to 5 (best).",World Bank. (n.d.). Logistics performance index: Overall (1=low to 5=high). World Bank Open Data.,https://data.worldbank.org/indicator/LP.LPI.OVRL.XQ,2026-09-15,,,Respondents evaluate eight countries on six core dimensions on a scale from 1 (worst) to 5 (best).
US-3,dangers economy,Singapore,"US goods imports from Singapore totalled US$38.2 billion in 2025, per the Census Bureau.",U.S. Census Bureau. (2026). Trade in goods with Singapore. U.S. Census Bureau.,https://www.census.gov/foreign-trade/balance/c5590.html,2026-09-15,,,"TOTAL 2025 41,634.6 38,228.0 3,406.6"
US-4,dangers economy,Vietnam,"US goods imports from Vietnam totalled US$193.9 billion in 2025, with a US goods deficit of US$178.3 billion, per the Census Bureau.",U.S. Census Bureau. (2026). Trade in goods with Vietnam. U.S. Census Bureau.,https://www.census.gov/foreign-trade/balance/c5520.html,2026-09-15,,,"TOTAL 2025 15,603.3 193,879.3 -178,276.0"
US-5,dangers economy,Vietnam,"Illegal transshipment routes products through third countries to mask their original country of origin, for example Chinese goods relabelled ""Made in Vietnam"" to avoid US duties.","U.S. Customs and Border Protection. (2025, December 18). CTPAT alert - Illegal transshipping. U.S. Customs and Border Protection.",https://www.cbp.gov/sites/default/files/2025-12/ctpat_alert_-_illegal_transhipping__12_18_2025_508.pdf,2026-09-15,,,Exporters route products through third countries to mask the original country of origin
AS-1,dangers economy,Asia,"In July 2026 the Asian Development Bank cut its 2026 growth forecast for developing Asia and the Pacific to 4.9%, from 5.5% growth in 2025, amid the global energy crisis.","Asian Development Bank. (2026, July 8). ADB sees slower growth for Asia and the Pacific in 2026 amid global energy crisis. Asian Development Bank.",https://www.adb.org/news/adb-sees-slower-growth-asia-and-pacific-2026-amid-global-energy-crisis,2026-09-15,,,lowered its growth forecast for developing Asia and the Pacific economies to 4.9% for 2026 compared to 5.5% growth in 2025
AS-2,dangers economy,Asia,"The ADB forecasts developing Southeast Asia, a group that now excludes Singapore, to grow 4.6% in 2026.","Asian Development Bank. (2026, July). Asian Development Outlook (ADO) July 2026: A fragile outlook as energy market disruptions persist. Asian Development Bank.",https://www.adb.org/publications/asian-development-outlook-july-2026,2026-09-15,,,Developing Southeast Asia's growth forecast is downgraded slightly to 4.6% in 2026
AS-3,dangers economy,Vietnam,"The ADB says Vietnam remains the region's fastest-growing economy, forecasting 7.2% growth in 2026 and 7.0% in 2027; its developing Southeast Asia group now excludes Singapore.","Asian Development Bank. (2026, July). Economic forecasts: Asian Development Outlook July 2026. Asian Development Bank.",https://www.adb.org/outlook/editions/july-2026,2026-09-15,,,"Viet Nam remains the region’s fastest-growing economy, with growth forecasts maintained at 7.2% for 2026"
AS-4,dangers economy,Asia,"The World Bank expects East Asia and Pacific growth to slow to 4.2% in 2026 from 5.0% in 2025, on an energy shock and uncertainty.","World Bank. (2026, April 8). Energy shock and uncertainty slow growth in East Asia and Pacific [Press release]. World Bank.",https://www.worldbank.org/en/news/press-release/2026/04/08/energy-shock-and-uncertainty-slow-growth-in-east-asia-and-pacific,2026-09-15,,,Regional growth is projected to slow to 4.2% in 2026 from 5.0% in 2025
